"Step","debug/lpl_local - _step","debug/lpl_local - _step__MIN","debug/lpl_local - _step__MAX","debug/lpl_local - Performance/linear_readout_acc","debug/lpl_local - Performance/linear_readout_acc__MIN","debug/lpl_local - Performance/linear_readout_acc__MAX"
"0","0","0","0","0.1","0.1","0.1"
"79","3","3","3","0.1045","0.1045","0.1045"
"158","9","9","9","0.184","0.184","0.184"
"237","14","14","14","0.2031","0.2031","0.2031"
"316","20","20","20","0.2168","0.2168","0.2168"
"395","25","25","25","0.2582","0.2582","0.2582"
"474","31","31","31","0.2828","0.2828","0.2828"
"553","37","37","37","0.3009","0.3009","0.3009"
"632","42","42","42","0.3067","0.3067","0.3067"
"711","48","48","48","0.3093","0.3093","0.3093"
"790","53","53","53","0.3264","0.3264","0.3264"
"869","59","59","59","0.3311","0.3311","0.3311"
"948","64","64","64","0.3305","0.3305","0.3305"
"1027","70","70","70","0.3369","0.3369","0.3369"
"1106","76","76","76","0.3461","0.3461","0.3461"
"1185","81","81","81","0.35","0.35","0.35"
"1264","87","87","87","0.3545","0.3545","0.3545"
"1343","92","92","92","0.3642","0.3642","0.3642"
"1422","98","98","98","0.3699","0.3699","0.3699"
"1501","104","104","104","0.3709","0.3709","0.3709"
"1580","109","109","109","0.385","0.385","0.385"
"1659","115","115","115","0.3975","0.3975","0.3975"
"1738","120","120","120","0.3911","0.3911","0.3911"
"1817","126","126","126","0.3942","0.3942","0.3942"
"1896","131","131","131","0.3955","0.3955","0.3955"
"1975","137","137","137","0.4043","0.4043","0.4043"
"2054","143","143","143","0.4046","0.4046","0.4046"
"2133","148","148","148","0.4049","0.4049","0.4049"
"2212","154","154","154","0.4059","0.4059","0.4059"
"2291","159","159","159","0.4107","0.4107","0.4107"
"2370","165","165","165","0.4186","0.4186","0.4186"
"2449","170","170","170","0.414","0.414","0.414"
"2528","176","176","176","0.4161","0.4161","0.4161"
"2607","182","182","182","0.4229","0.4229","0.4229"
"2686","187","187","187","0.4144","0.4144","0.4144"
"2765","193","193","193","0.4238","0.4238","0.4238"
"2844","198","198","198","0.4252","0.4252","0.4252"
"2923","204","204","204","0.4224","0.4224","0.4224"
"3002","210","210","210","0.4302","0.4302","0.4302"
"3081","215","215","215","0.4338","0.4338","0.4338"
"3160","221","221","221","0.4329","0.4329","0.4329"
"3239","226","226","226","0.4417","0.4417","0.4417"
"3318","232","232","232","0.4415","0.4415","0.4415"
"3397","237","237","237","0.4439","0.4439","0.4439"
"3476","243","243","243","0.4435","0.4435","0.4435"
"3555","249","249","249","0.4529","0.4529","0.4529"
"3634","254","254","254","0.4471","0.4471","0.4471"
"3713","260","260","260","0.4538","0.4538","0.4538"
"3792","265","265","265","0.4554","0.4554","0.4554"
"3871","271","271","271","0.4493","0.4493","0.4493"
"3950","277","277","277","0.4587","0.4587","0.4587"
"4029","282","282","282","0.4566","0.4566","0.4566"
"4108","288","288","288","0.4572","0.4572","0.4572"
"4187","293","293","293","0.4585","0.4585","0.4585"
"4266","299","299","299","0.4625","0.4625","0.4625"
"4345","304","304","304","0.4505","0.4505","0.4505"
"4424","310","310","310","0.4573","0.4573","0.4573"
"4503","316","316","316","0.4661","0.4661","0.4661"
"4582","321","321","321","0.462","0.462","0.462"
"4661","327","327","327","0.4659","0.4659","0.4659"
"4740","332","332","332","0.4624","0.4624","0.4624"
"4819","338","338","338","0.4636","0.4636","0.4636"
"4898","343","343","343","0.4688","0.4688","0.4688"
"4977","349","349","349","0.47","0.47","0.47"
"5056","355","355","355","0.475","0.475","0.475"
"5135","360","360","360","0.4784","0.4784","0.4784"
"5214","366","366","366","0.4736","0.4736","0.4736"
"5293","371","371","371","0.4761","0.4761","0.4761"
"5372","377","377","377","0.4771","0.4771","0.4771"
"5451","383","383","383","0.4763","0.4763","0.4763"
"5530","388","388","388","0.4779","0.4779","0.4779"
"5609","394","394","394","0.4762","0.4762","0.4762"
"5688","399","399","399","0.4795","0.4795","0.4795"
"5767","405","405","405","0.4787","0.4787","0.4787"
"5846","410","410","410","0.4773","0.4773","0.4773"
"5925","416","416","416","0.4821","0.4821","0.4821"
"6004","422","422","422","0.4824","0.4824","0.4824"
"6083","427","427","427","0.4816","0.4816","0.4816"
"6162","433","433","433","0.4777","0.4777","0.4777"
"6241","438","438","438","0.4834","0.4834","0.4834"
"6320","444","444","444","0.4744","0.4744","0.4744"
"6399","449","449","449","0.4802","0.4802","0.4802"
"6478","455","455","455","0.4918","0.4918","0.4918"
"6557","461","461","461","0.4798","0.4798","0.4798"
"6636","466","466","466","0.4761","0.4761","0.4761"
"6715","472","472","472","0.4804","0.4804","0.4804"
"6794","477","477","477","0.4905","0.4905","0.4905"
"6873","483","483","483","0.4901","0.4901","0.4901"
"6952","489","489","489","0.4861","0.4861","0.4861"
"7031","494","494","494","0.4873","0.4873","0.4873"
"7110","500","500","500","0.4858","0.4858","0.4858"
"7189","505","505","505","0.4875","0.4875","0.4875"
"7268","511","511","511","0.4813","0.4813","0.4813"
"7347","516","516","516","0.4848","0.4848","0.4848"
"7426","522","522","522","0.4885","0.4885","0.4885"
"7505","528","528","528","0.4909","0.4909","0.4909"
"7584","533","533","533","0.4895","0.4895","0.4895"
"7663","539","539","539","0.4887","0.4887","0.4887"
"7742","544","544","544","0.4882","0.4882","0.4882"
"7821","550","550","550","0.4942","0.4942","0.4942"
"7900","556","556","556","0.4955","0.4955","0.4955"
"7979","561","561","561","0.4984","0.4984","0.4984"
"8058","567","567","567","0.4966","0.4966","0.4966"
"8137","572","572","572","0.4916","0.4916","0.4916"
"8216","578","578","578","0.4873","0.4873","0.4873"
"8295","583","583","583","0.4933","0.4933","0.4933"
"8374","589","589","589","0.497","0.497","0.497"
"8453","595","595","595","0.5006","0.5006","0.5006"
"8532","600","600","600","0.4942","0.4942","0.4942"
"8611","606","606","606","0.4989","0.4989","0.4989"
"8690","611","611","611","0.4913","0.4913","0.4913"
"8769","617","617","617","0.4992","0.4992","0.4992"
"8848","622","622","622","0.4975","0.4975","0.4975"
"8927","628","628","628","0.5027","0.5027","0.5027"
"9006","634","634","634","0.4978","0.4978","0.4978"
"9085","639","639","639","0.4927","0.4927","0.4927"
"9164","645","645","645","0.4969","0.4969","0.4969"
"9243","650","650","650","0.5011","0.5011","0.5011"
"9322","656","656","656","0.4977","0.4977","0.4977"
"9401","662","662","662","0.4972","0.4972","0.4972"
"9480","667","667","667","0.5036","0.5036","0.5036"
"9559","673","673","673","0.504","0.504","0.504"
"9638","678","678","678","0.5038","0.5038","0.5038"
"9717","684","684","684","0.503","0.503","0.503"
"9796","689","689","689","0.5036","0.5036","0.5036"
"9875","695","695","695","0.5082","0.5082","0.5082"
"9954","701","701","701","0.5145","0.5145","0.5145"
"10033","706","706","706","0.5056","0.5056","0.5056"
"10112","712","712","712","0.5078","0.5078","0.5078"
"10191","717","717","717","0.5171","0.5171","0.5171"
"10270","723","723","723","0.5172","0.5172","0.5172"
"10349","728","728","728","0.5158","0.5158","0.5158"
"10428","734","734","734","0.516","0.516","0.516"
"10507","740","740","740","0.5161","0.5161","0.5161"
"10586","745","745","745","0.517","0.517","0.517"
"10665","751","751","751","0.52","0.52","0.52"
"10744","756","756","756","0.5204","0.5204","0.5204"
"10823","762","762","762","0.5229","0.5229","0.5229"
"10902","768","768","768","0.5251","0.5251","0.5251"
"10981","773","773","773","0.5234","0.5234","0.5234"
"11060","779","779","779","0.5279","0.5279","0.5279"
"11139","784","784","784","0.5247","0.5247","0.5247"
"11218","790","790","790","0.5286","0.5286","0.5286"
"11297","795","795","795","0.533","0.533","0.533"
"11376","801","801","801","0.5313","0.5313","0.5313"
"11455","807","807","807","0.5285","0.5285","0.5285"
"11534","812","812","812","0.5288","0.5288","0.5288"
"11613","818","818","818","0.5331","0.5331","0.5331"
"11692","823","823","823","0.5285","0.5285","0.5285"
"11771","829","829","829","0.5327","0.5327","0.5327"
"11850","835","835","835","0.5334","0.5334","0.5334"
"11929","840","840","840","0.5284","0.5284","0.5284"
"12008","846","846","846","0.5373","0.5373","0.5373"
"12087","851","851","851","0.538","0.538","0.538"
"12166","857","857","857","0.5347","0.5347","0.5347"
"12245","862","862","862","0.534","0.534","0.534"
"12324","868","868","868","0.5389","0.5389","0.5389"
"12403","874","874","874","0.5379","0.5379","0.5379"
"12482","879","879","879","0.5422","0.5422","0.5422"
"12561","885","885","885","0.5362","0.5362","0.5362"
"12640","890","890","890","0.5432","0.5432","0.5432"
"12719","896","896","896","0.5416","0.5416","0.5416"
"12798","901","901","901","0.5471","0.5471","0.5471"
"12877","907","907","907","0.5412","0.5412","0.5412"
"12956","913","913","913","0.539","0.539","0.539"
"13035","918","918","918","0.5437","0.5437","0.5437"
"13114","924","924","924","0.5411","0.5411","0.5411"
"13193","929","929","929","0.5385","0.5385","0.5385"
"13272","935","935","935","0.5367","0.5367","0.5367"
"13351","941","941","941","0.5405","0.5405","0.5405"
"13430","946","946","946","0.5413","0.5413","0.5413"
"13509","952","952","952","0.5377","0.5377","0.5377"
"13588","957","957","957","0.5478","0.5478","0.5478"
"13667","963","963","963","0.5417","0.5417","0.5417"
"13746","968","968","968","0.5448","0.5448","0.5448"
"13825","974","974","974","0.5399","0.5399","0.5399"
"13904","980","980","980","0.5398","0.5398","0.5398"
"13983","985","985","985","0.5412","0.5412","0.5412"
"14062","991","991","991","0.5311","0.5311","0.5311"
"14141","996","996","996","0.55","0.55","0.55"
"14220","1002","1002","1002","0.5486","0.5486","0.5486"
"14299","1007","1007","1007","0.5479","0.5479","0.5479"
"14378","1013","1013","1013","0.5445","0.5445","0.5445"
"14457","1019","1019","1019","0.5472","0.5472","0.5472"
"14536","1024","1024","1024","0.5374","0.5374","0.5374"
"14615","1030","1030","1030","0.5469","0.5469","0.5469"
"14694","1035","1035","1035","0.5476","0.5476","0.5476"
"14773","1041","1041","1041","0.5412","0.5412","0.5412"
"14852","1047","1047","1047","0.5494","0.5494","0.5494"
"14931","1052","1052","1052","0.5465","0.5465","0.5465"
"15010","1058","1058","1058","0.5468","0.5468","0.5468"
"15089","1063","1063","1063","0.5438","0.5438","0.5438"
"15168","1069","1069","1069","0.5447","0.5447","0.5447"
"15247","1074","1074","1074","0.5523","0.5523","0.5523"
"15326","1080","1080","1080","0.5526","0.5526","0.5526"
"15405","1086","1086","1086","0.5518","0.5518","0.5518"
"15484","1091","1091","1091","0.5552","0.5552","0.5552"
"15563","1097","1097","1097","0.5504","0.5504","0.5504"
"15642","1102","1102","1102","0.5581","0.5581","0.5581"
"15721","1108","1108","1108","0.5459","0.5459","0.5459"
"15800","1114","1114","1114","0.5479","0.5479","0.5479"
"15879","1119","1119","1119","0.5502","0.5502","0.5502"
"15958","1125","1125","1125","0.5521","0.5521","0.5521"
"16037","1130","1130","1130","0.5488","0.5488","0.5488"
"16116","1136","1136","1136","0.5473","0.5473","0.5473"
"16195","1141","1141","1141","0.5546","0.5546","0.5546"
"16274","1147","1147","1147","0.5578","0.5578","0.5578"
"16353","1153","1153","1153","0.5547","0.5547","0.5547"
"16432","1158","1158","1158","0.5551","0.5551","0.5551"
"16511","1164","1164","1164","0.555","0.555","0.555"
"16590","1169","1169","1169","0.5483","0.5483","0.5483"
"16669","1175","1175","1175","0.5597","0.5597","0.5597"
"16748","1180","1180","1180","0.5553","0.5553","0.5553"
"16827","1186","1186","1186","0.5583","0.5583","0.5583"
"16906","1192","1192","1192","0.5585","0.5585","0.5585"
"16985","1197","1197","1197","0.5618","0.5618","0.5618"
"17064","1203","1203","1203","0.5581","0.5581","0.5581"
"17143","1208","1208","1208","0.5582","0.5582","0.5582"
"17222","1214","1214","1214","0.5541","0.5541","0.5541"
"17301","1220","1220","1220","0.5527","0.5527","0.5527"
"17380","1225","1225","1225","0.5548","0.5548","0.5548"
"17459","1231","1231","1231","0.5547","0.5547","0.5547"
"17538","1236","1236","1236","0.5615","0.5615","0.5615"
"17617","1242","1242","1242","0.5619","0.5619","0.5619"
"17696","1247","1247","1247","0.5625","0.5625","0.5625"
"17775","1253","1253","1253","0.5612","0.5612","0.5612"
"17854","1259","1259","1259","0.5622","0.5622","0.5622"
"17933","1264","1264","1264","0.5592","0.5592","0.5592"
"18012","1270","1270","1270","0.5631","0.5631","0.5631"
"18091","1275","1275","1275","0.5566","0.5566","0.5566"
"18170","1281","1281","1281","0.5643","0.5643","0.5643"
"18249","1286","1286","1286","0.5602","0.5602","0.5602"
"18328","1292","1292","1292","0.5635","0.5635","0.5635"
"18407","1298","1298","1298","0.5608","0.5608","0.5608"
"18486","1303","1303","1303","0.5585","0.5585","0.5585"
"18565","1309","1309","1309","0.5603","0.5603","0.5603"
"18644","1314","1314","1314","0.5594","0.5594","0.5594"
"18723","1320","1320","1320","0.5659","0.5659","0.5659"
"18802","1326","1326","1326","0.5654","0.5654","0.5654"
"18881","1331","1331","1331","0.5597","0.5597","0.5597"
"18960","1337","1337","1337","0.57","0.57","0.57"
"19039","1342","1342","1342","0.5588","0.5588","0.5588"
"19118","1348","1348","1348","0.5638","0.5638","0.5638"
"19197","1353","1353","1353","0.5753","0.5753","0.5753"
"19276","1359","1359","1359","0.5616","0.5616","0.5616"
"19355","1365","1365","1365","0.5614","0.5614","0.5614"
"19434","1370","1370","1370","0.5656","0.5656","0.5656"
"19513","1376","1376","1376","0.5653","0.5653","0.5653"
"19592","1381","1381","1381","0.5625","0.5625","0.5625"
"19671","1387","1387","1387","0.5628","0.5628","0.5628"
"19750","1393","1393","1393","0.5664","0.5664","0.5664"
"19829","1398","1398","1398","0.5624","0.5624","0.5624"
"19908","1404","1404","1404","0.5718","0.5718","0.5718"
"19987","1409","1409","1409","0.5654","0.5654","0.5654"
"20066","1415","1415","1415","0.568","0.568","0.568"
"20145","1420","1420","1420","0.5662","0.5662","0.5662"
"20224","1426","1426","1426","0.5663","0.5663","0.5663"
"20303","1432","1432","1432","0.562","0.562","0.562"
"20382","1437","1437","1437","0.5707","0.5707","0.5707"
"20461","1443","1443","1443","0.5651","0.5651","0.5651"
"20540","1448","1448","1448","0.569","0.569","0.569"
"20619","1454","1454","1454","0.5689","0.5689","0.5689"
"20698","1459","1459","1459","0.5656","0.5656","0.5656"
"20777","1465","1465","1465","0.573","0.573","0.573"
"20856","1471","1471","1471","0.5744","0.5744","0.5744"
"20935","1476","1476","1476","0.5748","0.5748","0.5748"
"21014","1482","1482","1482","0.5716","0.5716","0.5716"
"21093","1487","1487","1487","0.5661","0.5661","0.5661"
"21172","1493","1493","1493","0.5711","0.5711","0.5711"
"21251","1499","1499","1499","0.5717","0.5717","0.5717"
"21330","1504","1504","1504","0.5718","0.5718","0.5718"
"21409","1510","1510","1510","0.5651","0.5651","0.5651"
"21488","1515","1515","1515","0.5769","0.5769","0.5769"
"21567","1521","1521","1521","0.5622","0.5622","0.5622"
"21646","1526","1526","1526","0.5622","0.5622","0.5622"
"21725","1532","1532","1532","0.5723","0.5723","0.5723"
"21804","1538","1538","1538","0.5674","0.5674","0.5674"
"21883","1543","1543","1543","0.5656","0.5656","0.5656"
"21962","1549","1549","1549","0.57","0.57","0.57"
"22041","1554","1554","1554","0.5685","0.5685","0.5685"
"22120","1560","1560","1560","0.5702","0.5702","0.5702"
"22199","1565","1565","1565","0.5741","0.5741","0.5741"
"22278","1571","1571","1571","0.5756","0.5756","0.5756"
"22357","1577","1577","1577","0.5747","0.5747","0.5747"
"22436","1582","1582","1582","0.5724","0.5724","0.5724"
"22515","1588","1588","1588","0.5722","0.5722","0.5722"
"22594","1593","1593","1593","0.57","0.57","0.57"
"22673","1599","1599","1599","0.5687","0.5687","0.5687"
"22752","1605","1605","1605","0.5781","0.5781","0.5781"
"22831","1610","1610","1610","0.5774","0.5774","0.5774"
"22910","1616","1616","1616","0.5731","0.5731","0.5731"
"22989","1621","1621","1621","0.5763","0.5763","0.5763"
"23068","1627","1627","1627","0.5708","0.5708","0.5708"
"23147","1632","1632","1632","0.5698","0.5698","0.5698"
"23226","1638","1638","1638","0.5712","0.5712","0.5712"
"23305","1644","1644","1644","0.5775","0.5775","0.5775"
"23384","1649","1649","1649","0.5781","0.5781","0.5781"
"23463","1655","1655","1655","0.5813","0.5813","0.5813"
"23542","1660","1660","1660","0.576","0.576","0.576"
"23621","1666","1666","1666","0.5747","0.5747","0.5747"
"23700","1672","1672","1672","0.5764","0.5764","0.5764"
"23779","1677","1677","1677","0.5778","0.5778","0.5778"
"23858","1683","1683","1683","0.5782","0.5782","0.5782"
"23937","1688","1688","1688","0.5801","0.5801","0.5801"
"24016","1694","1694","1694","0.5762","0.5762","0.5762"
"24095","1699","1699","1699","0.5802","0.5802","0.5802"
"24174","1705","1705","1705","0.5774","0.5774","0.5774"
"24253","1711","1711","1711","0.5811","0.5811","0.5811"
"24332","1716","1716","1716","0.576","0.576","0.576"
"24411","1722","1722","1722","0.5734","0.5734","0.5734"
"24490","1727","1727","1727","0.5751","0.5751","0.5751"
"24569","1733","1733","1733","0.5811","0.5811","0.5811"
"24648","1738","1738","1738","0.5738","0.5738","0.5738"
"24727","1744","1744","1744","0.575","0.575","0.575"
"24806","1750","1750","1750","0.5778","0.5778","0.5778"
"24885","1755","1755","1755","0.5743","0.5743","0.5743"
"24964","1761","1761","1761","0.5791","0.5791","0.5791"
"25043","1766","1766","1766","0.5705","0.5705","0.5705"
"25122","1772","1772","1772","0.5714","0.5714","0.5714"
"25201","1778","1778","1778","0.5767","0.5767","0.5767"
"25280","1783","1783","1783","0.5759","0.5759","0.5759"
"25359","1789","1789","1789","0.5807","0.5807","0.5807"
"25438","1794","1794","1794","0.5726","0.5726","0.5726"
"25517","1800","1800","1800","0.582","0.582","0.582"
"25596","1805","1805","1805","0.5846","0.5846","0.5846"
"25675","1811","1811","1811","0.5768","0.5768","0.5768"
"25754","1817","1817","1817","0.5789","0.5789","0.5789"
"25833","1822","1822","1822","0.5798","0.5798","0.5798"
"25912","1828","1828","1828","0.577","0.577","0.577"
"25991","1833","1833","1833","0.5824","0.5824","0.5824"
"26070","1839","1839","1839","0.5731","0.5731","0.5731"
"26149","1844","1844","1844","0.577","0.577","0.577"
"26228","1850","1850","1850","0.5764","0.5764","0.5764"
"26307","1856","1856","1856","0.5751","0.5751","0.5751"
"26386","1861","1861","1861","0.5783","0.5783","0.5783"
"26465","1867","1867","1867","0.5753","0.5753","0.5753"
"26544","1872","1872","1872","0.5792","0.5792","0.5792"
"26623","1878","1878","1878","0.5828","0.5828","0.5828"
"26702","1884","1884","1884","0.5813","0.5813","0.5813"
"26781","1889","1889","1889","0.575","0.575","0.575"
"26860","1895","1895","1895","0.5783","0.5783","0.5783"
"26939","1900","1900","1900","0.5747","0.5747","0.5747"
"27018","1906","1906","1906","0.5751","0.5751","0.5751"
"27097","1911","1911","1911","0.5783","0.5783","0.5783"
"27176","1917","1917","1917","0.5799","0.5799","0.5799"
"27255","1923","1923","1923","0.5798","0.5798","0.5798"
"27334","1928","1928","1928","0.5833","0.5833","0.5833"
"27413","1934","1934","1934","0.5813","0.5813","0.5813"
"27492","1939","1939","1939","0.577","0.577","0.577"
"27571","1945","1945","1945","0.581","0.581","0.581"
"27650","1951","1951","1951","0.5813","0.5813","0.5813"
"27729","1956","1956","1956","0.5795","0.5795","0.5795"
"27808","1962","1962","1962","0.5855","0.5855","0.5855"
"27887","1967","1967","1967","0.5795","0.5795","0.5795"
"27966","1973","1973","1973","0.5811","0.5811","0.5811"
"28045","1978","1978","1978","0.5762","0.5762","0.5762"
"28124","1984","1984","1984","0.5746","0.5746","0.5746"
"28203","1990","1990","1990","0.5772","0.5772","0.5772"
"28282","1995","1995","1995","0.5838","0.5838","0.5838"
"28361","2001","2001","2001","0.5788","0.5788","0.5788"
"28440","2006","2006","2006","0.5774","0.5774","0.5774"
"28519","2012","2012","2012","0.5754","0.5754","0.5754"
"28598","2017","2017","2017","0.5837","0.5837","0.5837"
"28677","2023","2023","2023","0.5841","0.5841","0.5841"
"28756","2029","2029","2029","0.5836","0.5836","0.5836"
"28835","2034","2034","2034","0.5812","0.5812","0.5812"
"28914","2040","2040","2040","0.5833","0.5833","0.5833"
"28993","2045","2045","2045","0.5832","0.5832","0.5832"
"29072","2051","2051","2051","0.5828","0.5828","0.5828"
"29151","2057","2057","2057","0.5797","0.5797","0.5797"
"29230","2062","2062","2062","0.5863","0.5863","0.5863"
"29309","2068","2068","2068","0.578","0.578","0.578"
"29388","2073","2073","2073","0.5845","0.5845","0.5845"
"29467","2079","2079","2079","0.5834","0.5834","0.5834"
"29546","2084","2084","2084","0.5875","0.5875","0.5875"
"29625","2090","2090","2090","0.5859","0.5859","0.5859"
"29704","2096","2096","2096","0.5838","0.5838","0.5838"
"29783","2101","2101","2101","0.5828","0.5828","0.5828"
"29862","2107","2107","2107","0.5697","0.5697","0.5697"
"29941","2112","2112","2112","0.5872","0.5872","0.5872"
"30020","2118","2118","2118","0.5837","0.5837","0.5837"
"30099","2123","2123","2123","0.5834","0.5834","0.5834"
"30178","2129","2129","2129","0.5828","0.5828","0.5828"
"30257","2135","2135","2135","0.5763","0.5763","0.5763"
"30336","2140","2140","2140","0.5792","0.5792","0.5792"
"30415","2146","2146","2146","0.585","0.585","0.585"
"30494","2151","2151","2151","0.5762","0.5762","0.5762"
"30573","2157","2157","2157","0.5862","0.5862","0.5862"
"30652","2163","2163","2163","0.584","0.584","0.584"
"30731","2168","2168","2168","0.5824","0.5824","0.5824"
"30810","2174","2174","2174","0.5829","0.5829","0.5829"
"30889","2179","2179","2179","0.5841","0.5841","0.5841"
"30968","2185","2185","2185","0.5828","0.5828","0.5828"
"31047","2190","2190","2190","0.5769","0.5769","0.5769"
"31126","2196","2196","2196","0.5893","0.5893","0.5893"
"31205","2202","2202","2202","0.5846","0.5846","0.5846"
"31284","2207","2207","2207","0.5857","0.5857","0.5857"
"31363","2213","2213","2213","0.5854","0.5854","0.5854"
"31442","2218","2218","2218","0.5865","0.5865","0.5865"
"31521","2224","2224","2224","0.5822","0.5822","0.5822"
"31600","2230","2230","2230","0.5838","0.5838","0.5838"
"31679","2235","2235","2235","0.5821","0.5821","0.5821"
"31758","2241","2241","2241","0.5829","0.5829","0.5829"
"31837","2246","2246","2246","0.5844","0.5844","0.5844"
"31916","2252","2252","2252","0.5891","0.5891","0.5891"
"31995","2257","2257","2257","0.5816","0.5816","0.5816"
"32074","2263","2263","2263","0.5856","0.5856","0.5856"
"32153","2269","2269","2269","0.5831","0.5831","0.5831"
"32232","2274","2274","2274","0.5779","0.5779","0.5779"
"32311","2280","2280","2280","0.5824","0.5824","0.5824"
"32390","2285","2285","2285","0.5877","0.5877","0.5877"
"32469","2291","2291","2291","0.5846","0.5846","0.5846"
"32548","2296","2296","2296","0.5871","0.5871","0.5871"
"32627","2302","2302","2302","0.5869","0.5869","0.5869"
"32706","2308","2308","2308","0.5866","0.5866","0.5866"
"32785","2313","2313","2313","0.5833","0.5833","0.5833"
"32864","2319","2319","2319","0.5873","0.5873","0.5873"
"32943","2324","2324","2324","0.5877","0.5877","0.5877"
"33022","2330","2330","2330","0.5891","0.5891","0.5891"
"33101","2336","2336","2336","0.5821","0.5821","0.5821"
"33180","2341","2341","2341","0.5853","0.5853","0.5853"
"33259","2347","2347","2347","0.5901","0.5901","0.5901"
"33338","2352","2352","2352","0.585","0.585","0.585"
"33417","2358","2358","2358","0.5878","0.5878","0.5878"
"33496","2363","2363","2363","0.5836","0.5836","0.5836"
"33575","2369","2369","2369","0.5816","0.5816","0.5816"
"33654","2375","2375","2375","0.5843","0.5843","0.5843"
"33733","2380","2380","2380","0.5902","0.5902","0.5902"
"33812","2386","2386","2386","0.5896","0.5896","0.5896"
"33891","2391","2391","2391","0.5891","0.5891","0.5891"
"33970","2397","2397","2397","0.5898","0.5898","0.5898"
"34049","2402","2402","2402","0.5897","0.5897","0.5897"
"34128","2408","2408","2408","0.5897","0.5897","0.5897"
"34207","2414","2414","2414","0.5874","0.5874","0.5874"
"34286","2419","2419","2419","0.5855","0.5855","0.5855"
"34365","2425","2425","2425","0.5861","0.5861","0.5861"
"34444","2430","2430","2430","0.5878","0.5878","0.5878"
"34523","2436","2436","2436","0.5859","0.5859","0.5859"
"34602","2442","2442","2442","0.5864","0.5864","0.5864"
"34681","2447","2447","2447","0.5887","0.5887","0.5887"
"34760","2453","2453","2453","0.5883","0.5883","0.5883"
"34839","2458","2458","2458","0.5881","0.5881","0.5881"
"34918","2464","2464","2464","0.5876","0.5876","0.5876"
"34997","2469","2469","2469","0.5873","0.5873","0.5873"
"35076","2475","2475","2475","0.5876","0.5876","0.5876"
"35155","2481","2481","2481","0.5903","0.5903","0.5903"
"35234","2486","2486","2486","0.5869","0.5869","0.5869"
"35313","2492","2492","2492","0.5936","0.5936","0.5936"
"35392","2497","2497","2497","0.595","0.595","0.595"
"35471","2503","2503","2503","0.5857","0.5857","0.5857"
"35550","2509","2509","2509","0.5902","0.5902","0.5902"
"35629","2514","2514","2514","0.5924","0.5924","0.5924"
"35708","2520","2520","2520","0.5906","0.5906","0.5906"
"35787","2525","2525","2525","0.5838","0.5838","0.5838"
"35866","2531","2531","2531","0.5891","0.5891","0.5891"
"35945","2536","2536","2536","0.5891","0.5891","0.5891"
"36024","2542","2542","2542","0.5946","0.5946","0.5946"
"36103","2548","2548","2548","0.5904","0.5904","0.5904"
"36182","2553","2553","2553","0.5897","0.5897","0.5897"
"36261","2559","2559","2559","0.5964","0.5964","0.5964"
"36340","2564","2564","2564","0.5936","0.5936","0.5936"
"36419","2570","2570","2570","0.5931","0.5931","0.5931"
"36498","2575","2575","2575","0.5943","0.5943","0.5943"
"36577","2581","2581","2581","0.5949","0.5949","0.5949"
"36656","2587","2587","2587","0.5973","0.5973","0.5973"
"36735","2592","2592","2592","0.5949","0.5949","0.5949"
"36814","2598","2598","2598","0.5881","0.5881","0.5881"
"36893","2603","2603","2603","0.592","0.592","0.592"
"36972","2609","2609","2609","0.5915","0.5915","0.5915"
"37051","2615","2615","2615","0.593","0.593","0.593"
"37130","2620","2620","2620","0.5911","0.5911","0.5911"
"37209","2626","2626","2626","0.5956","0.5956","0.5956"
"37288","2631","2631","2631","0.5863","0.5863","0.5863"
"37367","2637","2637","2637","0.5922","0.5922","0.5922"
"37446","2642","2642","2642","0.5887","0.5887","0.5887"
"37525","2648","2648","2648","0.5921","0.5921","0.5921"
"37604","2654","2654","2654","0.589","0.589","0.589"
"37683","2659","2659","2659","0.5909","0.5909","0.5909"
"37762","2665","2665","2665","0.5945","0.5945","0.5945"
"37841","2670","2670","2670","0.5951","0.5951","0.5951"
"37920","2676","2676","2676","0.5859","0.5859","0.5859"
"37999","2681","2681","2681","0.5906","0.5906","0.5906"
"38078","2687","2687","2687","0.5892","0.5892","0.5892"
"38157","2693","2693","2693","0.5912","0.5912","0.5912"
"38236","2698","2698","2698","0.5882","0.5882","0.5882"
"38315","2704","2704","2704","0.5921","0.5921","0.5921"
"38394","2709","2709","2709","0.5937","0.5937","0.5937"
"38473","2715","2715","2715","0.5902","0.5902","0.5902"
"38552","2721","2721","2721","0.5873","0.5873","0.5873"
"38631","2726","2726","2726","0.5981","0.5981","0.5981"
"38710","2732","2732","2732","0.5924","0.5924","0.5924"
"38789","2737","2737","2737","0.5959","0.5959","0.5959"
"38868","2743","2743","2743","0.5949","0.5949","0.5949"
"38947","2748","2748","2748","0.5915","0.5915","0.5915"
"39026","2754","2754","2754","0.594","0.594","0.594"
"39105","2760","2760","2760","0.5954","0.5954","0.5954"
"39184","2765","2765","2765","0.5889","0.5889","0.5889"
"39263","2771","2771","2771","0.5968","0.5968","0.5968"
"39342","2776","2776","2776","0.5887","0.5887","0.5887"
"39421","2782","2782","2782","0.5917","0.5917","0.5917"
"39500","2788","2788","2788","0.5962","0.5962","0.5962"
"39579","2793","2793","2793","0.5927","0.5927","0.5927"
"39658","2799","2799","2799","0.5936","0.5936","0.5936"
"39737","2804","2804","2804","0.5939","0.5939","0.5939"
"39816","2810","2810","2810","0.594","0.594","0.594"
"39895","2815","2815","2815","0.5933","0.5933","0.5933"
"39974","2821","2821","2821","0.5914","0.5914","0.5914"
"40053","2827","2827","2827","0.59","0.59","0.59"
"40132","2832","2832","2832","0.5913","0.5913","0.5913"
"40211","2838","2838","2838","0.5969","0.5969","0.5969"
"40290","2843","2843","2843","0.5935","0.5935","0.5935"
"40369","2849","2849","2849","0.5919","0.5919","0.5919"
"40448","2854","2854","2854","0.5906","0.5906","0.5906"
"40527","2860","2860","2860","0.5969","0.5969","0.5969"
"40606","2866","2866","2866","0.5957","0.5957","0.5957"
"40685","2871","2871","2871","0.5967","0.5967","0.5967"
"40764","2877","2877","2877","0.5888","0.5888","0.5888"
"40843","2882","2882","2882","0.5946","0.5946","0.5946"
"40922","2888","2888","2888","0.5935","0.5935","0.5935"
"41001","2894","2894","2894","0.5906","0.5906","0.5906"
"41080","2899","2899","2899","0.5966","0.5966","0.5966"
"41159","2905","2905","2905","0.5999","0.5999","0.5999"
"41238","2910","2910","2910","0.5919","0.5919","0.5919"
"41317","2916","2916","2916","0.599","0.599","0.599"
"41396","2921","2921","2921","0.5919","0.5919","0.5919"
"41475","2927","2927","2927","0.5966","0.5966","0.5966"
"41554","2933","2933","2933","0.5983","0.5983","0.5983"
"41633","2938","2938","2938","0.5963","0.5963","0.5963"
"41712","2944","2944","2944","0.5967","0.5967","0.5967"
"41791","2949","2949","2949","0.5947","0.5947","0.5947"
"41870","2955","2955","2955","0.5979","0.5979","0.5979"
"41949","2960","2960","2960","0.5946","0.5946","0.5946"
"42028","2966","2966","2966","0.5997","0.5997","0.5997"
"42107","2972","2972","2972","0.5936","0.5936","0.5936"
"42186","2977","2977","2977","0.6001","0.6001","0.6001"
"42265","2983","2983","2983","0.5943","0.5943","0.5943"
"42344","2988","2988","2988","0.594","0.594","0.594"
"42423","2994","2994","2994","0.5974","0.5974","0.5974"
"42502","3000","3000","3000","0.6009","0.6009","0.6009"
"42581","3005","3005","3005","0.5997","0.5997","0.5997"
"42660","3011","3011","3011","0.5978","0.5978","0.5978"
"42739","3016","3016","3016","0.5944","0.5944","0.5944"
"42818","3022","3022","3022","0.5967","0.5967","0.5967"
"42897","3027","3027","3027","0.5973","0.5973","0.5973"
"42976","3033","3033","3033","0.5937","0.5937","0.5937"
"43055","3039","3039","3039","0.5956","0.5956","0.5956"
"43134","3044","3044","3044","0.5987","0.5987","0.5987"
"43213","3050","3050","3050","0.5998","0.5998","0.5998"
"43292","3055","3055","3055","0.6008","0.6008","0.6008"
"43371","3061","3061","3061","0.6005","0.6005","0.6005"
"43450","3067","3067","3067","0.5944","0.5944","0.5944"
"43529","3072","3072","3072","0.5966","0.5966","0.5966"
"43608","3078","3078","3078","0.6003","0.6003","0.6003"
"43687","3083","3083","3083","0.5942","0.5942","0.5942"
"43766","3089","3089","3089","0.6024","0.6024","0.6024"
"43845","3094","3094","3094","0.5991","0.5991","0.5991"
"43924","3100","3100","3100","0.5979","0.5979","0.5979"
"44003","3106","3106","3106","0.5999","0.5999","0.5999"
"44082","3111","3111","3111","0.5997","0.5997","0.5997"
"44161","3117","3117","3117","0.5988","0.5988","0.5988"
"44240","3122","3122","3122","0.5976","0.5976","0.5976"
"44319","3128","3128","3128","0.5984","0.5984","0.5984"
"44398","3133","3133","3133","0.5981","0.5981","0.5981"
"44477","3139","3139","3139","0.598","0.598","0.598"
"44556","3145","3145","3145","0.5984","0.5984","0.5984"
"44635","3150","3150","3150","0.5984","0.5984","0.5984"
"44714","3156","3156","3156","0.5969","0.5969","0.5969"
"44793","3161","3161","3161","0.6034","0.6034","0.6034"
"44872","3167","3167","3167","0.6009","0.6009","0.6009"
"44951","3173","3173","3173","0.6023","0.6023","0.6023"
"45030","3178","3178","3178","0.6007","0.6007","0.6007"
"45109","3184","3184","3184","0.5906","0.5906","0.5906"
"45188","3189","3189","3189","0.6026","0.6026","0.6026"
"45267","3195","3195","3195","0.6028","0.6028","0.6028"
"45346","3200","3200","3200","0.6047","0.6047","0.6047"
"45425","3206","3206","3206","0.5982","0.5982","0.5982"
"45504","3212","3212","3212","0.5962","0.5962","0.5962"
"45583","3217","3217","3217","0.5962","0.5962","0.5962"
"45662","3223","3223","3223","0.6045","0.6045","0.6045"
"45741","3228","3228","3228","0.6048","0.6048","0.6048"
"45820","3234","3234","3234","0.5994","0.5994","0.5994"
"45899","3239","3239","3239","0.6036","0.6036","0.6036"
"45978","3245","3245","3245","0.5964","0.5964","0.5964"
"46057","3251","3251","3251","0.597","0.597","0.597"
"46136","3256","3256","3256","0.601","0.601","0.601"
"46215","3262","3262","3262","0.5988","0.5988","0.5988"
"46294","3267","3267","3267","0.6002","0.6002","0.6002"
"46373","3273","3273","3273","0.5989","0.5989","0.5989"
"46452","3279","3279","3279","0.5983","0.5983","0.5983"
"46531","3284","3284","3284","0.6031","0.6031","0.6031"
"46610","3290","3290","3290","0.5943","0.5943","0.5943"
"46689","3295","3295","3295","0.5986","0.5986","0.5986"
"46768","3301","3301","3301","0.5953","0.5953","0.5953"
"46847","3306","3306","3306","0.5993","0.5993","0.5993"
"46926","3312","3312","3312","0.6023","0.6023","0.6023"
"47005","3318","3318","3318","0.6","0.6","0.6"
"47084","3323","3323","3323","0.6015","0.6015","0.6015"
"47163","3329","3329","3329","0.597","0.597","0.597"
"47242","3334","3334","3334","0.6027","0.6027","0.6027"
"47321","3340","3340","3340","0.6033","0.6033","0.6033"
"47400","3346","3346","3346","0.6034","0.6034","0.6034"
"47479","3351","3351","3351","0.6012","0.6012","0.6012"
"47558","3357","3357","3357","0.6023","0.6023","0.6023"
"47637","3362","3362","3362","0.6006","0.6006","0.6006"
"47716","3368","3368","3368","0.6022","0.6022","0.6022"
"47795","3373","3373","3373","0.6","0.6","0.6"
"47874","3379","3379","3379","0.5984","0.5984","0.5984"
"47953","3385","3385","3385","0.6014","0.6014","0.6014"
"48032","3390","3390","3390","0.6034","0.6034","0.6034"
"48111","3396","3396","3396","0.603","0.603","0.603"
"48190","3401","3401","3401","0.6009","0.6009","0.6009"
"48269","3407","3407","3407","0.6031","0.6031","0.6031"
"48348","3412","3412","3412","0.6012","0.6012","0.6012"
"48427","3418","3418","3418","0.6017","0.6017","0.6017"
"48506","3424","3424","3424","0.5979","0.5979","0.5979"
"48585","3429","3429","3429","0.5991","0.5991","0.5991"
"48664","3435","3435","3435","0.5994","0.5994","0.5994"
"48743","3440","3440","3440","0.5959","0.5959","0.5959"
"48822","3446","3446","3446","0.6","0.6","0.6"
"48901","3452","3452","3452","0.6046","0.6046","0.6046"
"48980","3457","3457","3457","0.6013","0.6013","0.6013"
"49059","3463","3463","3463","0.6052","0.6052","0.6052"
"49138","3468","3468","3468","0.6014","0.6014","0.6014"
"49217","3474","3474","3474","0.5986","0.5986","0.5986"
"49296","3479","3479","3479","0.5984","0.5984","0.5984"
"49375","3485","3485","3485","0.5987","0.5987","0.5987"
"49454","3491","3491","3491","0.6021","0.6021","0.6021"
"49533","3496","3496","3496","0.6034","0.6034","0.6034"
"49612","3502","3502","3502","0.6019","0.6019","0.6019"
"49691","3507","3507","3507","0.6034","0.6034","0.6034"
"49770","3513","3513","3513","0.6018","0.6018","0.6018"
"49849","3518","3518","3518","0.604","0.604","0.604"
"49928","3524","3524","3524","0.6012","0.6012","0.6012"
"50007","3530","3530","3530","0.5999","0.5999","0.5999"
"50086","3535","3535","3535","0.6028","0.6028","0.6028"
"50165","3541","3541","3541","0.6049","0.6049","0.6049"
"50244","3546","3546","3546","0.6027","0.6027","0.6027"
"50323","3552","3552","3552","0.6039","0.6039","0.6039"
"50402","3558","3558","3558","0.6022","0.6022","0.6022"
"50481","3563","3563","3563","0.6063","0.6063","0.6063"
"50560","3569","3569","3569","0.6044","0.6044","0.6044"
"50639","3574","3574","3574","0.6021","0.6021","0.6021"
"50718","3580","3580","3580","0.6005","0.6005","0.6005"
"50797","3585","3585","3585","0.6018","0.6018","0.6018"
"50876","3591","3591","3591","0.6073","0.6073","0.6073"
"50955","3597","3597","3597","0.6057","0.6057","0.6057"
"51034","3602","3602","3602","0.601","0.601","0.601"
"51113","3608","3608","3608","0.6043","0.6043","0.6043"
"51192","3613","3613","3613","0.6069","0.6069","0.6069"
"51271","3619","3619","3619","0.6053","0.6053","0.6053"
"51350","3625","3625","3625","0.6028","0.6028","0.6028"
"51429","3630","3630","3630","0.6044","0.6044","0.6044"
"51508","3636","3636","3636","0.6084","0.6084","0.6084"
"51587","3641","3641","3641","0.6006","0.6006","0.6006"
"51666","3647","3647","3647","0.5982","0.5982","0.5982"
"51745","3652","3652","3652","0.603","0.603","0.603"
"51824","3658","3658","3658","0.603","0.603","0.603"
"51903","3664","3664","3664","0.6008","0.6008","0.6008"
"51982","3669","3669","3669","0.6003","0.6003","0.6003"
"52061","3675","3675","3675","0.6002","0.6002","0.6002"
"52140","3680","3680","3680","0.605","0.605","0.605"
"52219","3686","3686","3686","0.5998","0.5998","0.5998"
"52298","3691","3691","3691","0.6012","0.6012","0.6012"
"52377","3697","3697","3697","0.6043","0.6043","0.6043"
"52456","3703","3703","3703","0.5968","0.5968","0.5968"
"52535","3708","3708","3708","0.6011","0.6011","0.6011"
"52614","3714","3714","3714","0.6048","0.6048","0.6048"
"52693","3719","3719","3719","0.6051","0.6051","0.6051"
"52772","3725","3725","3725","0.5993","0.5993","0.5993"
"52851","3731","3731","3731","0.6077","0.6077","0.6077"
"52930","3736","3736","3736","0.6063","0.6063","0.6063"
"53009","3742","3742","3742","0.603","0.603","0.603"
"53088","3747","3747","3747","0.6079","0.6079","0.6079"
"53167","3753","3753","3753","0.6068","0.6068","0.6068"
"53246","3758","3758","3758","0.6045","0.6045","0.6045"
"53325","3764","3764","3764","0.6058","0.6058","0.6058"
"53404","3770","3770","3770","0.6016","0.6016","0.6016"
"53483","3775","3775","3775","0.6008","0.6008","0.6008"
"53562","3781","3781","3781","0.6062","0.6062","0.6062"
"53641","3786","3786","3786","0.6032","0.6032","0.6032"
"53720","3792","3792","3792","0.6009","0.6009","0.6009"
"53799","3797","3797","3797","0.6027","0.6027","0.6027"
"53878","3803","3803","3803","0.6046","0.6046","0.6046"
"53957","3809","3809","3809","0.6037","0.6037","0.6037"
"54036","3814","3814","3814","0.6078","0.6078","0.6078"
"54115","3820","3820","3820","0.6021","0.6021","0.6021"
"54194","3825","3825","3825","0.6012","0.6012","0.6012"
"54273","3831","3831","3831","0.6028","0.6028","0.6028"
"54352","3837","3837","3837","0.6013","0.6013","0.6013"
"54431","3842","3842","3842","0.6047","0.6047","0.6047"
"54510","3848","3848","3848","0.6068","0.6068","0.6068"
"54589","3853","3853","3853","0.605","0.605","0.605"
"54668","3859","3859","3859","0.6049","0.6049","0.6049"
"54747","3864","3864","3864","0.605","0.605","0.605"
"54826","3870","3870","3870","0.5994","0.5994","0.5994"
"54905","3876","3876","3876","0.6098","0.6098","0.6098"
"54984","3881","3881","3881","0.5993","0.5993","0.5993"
"55063","3887","3887","3887","0.6028","0.6028","0.6028"
"55142","3892","3892","3892","0.5987","0.5987","0.5987"
"55221","3898","3898","3898","0.6002","0.6002","0.6002"
"55300","3904","3904","3904","0.6016","0.6016","0.6016"
"55379","3909","3909","3909","0.6058","0.6058","0.6058"
"55458","3915","3915","3915","0.6019","0.6019","0.6019"
"55537","3920","3920","3920","0.6061","0.6061","0.6061"
"55616","3926","3926","3926","0.6028","0.6028","0.6028"
"55695","3931","3931","3931","0.6026","0.6026","0.6026"
"55774","3937","3937","3937","0.6086","0.6086","0.6086"
"55853","3943","3943","3943","0.6013","0.6013","0.6013"
"55932","3948","3948","3948","0.6028","0.6028","0.6028"
"56011","3954","3954","3954","0.6061","0.6061","0.6061"
"56090","3959","3959","3959","0.6023","0.6023","0.6023"
"56169","3965","3965","3965","0.6047","0.6047","0.6047"
"56248","3970","3970","3970","0.6023","0.6023","0.6023"
"56327","3976","3976","3976","0.6049","0.6049","0.6049"
"56406","3982","3982","3982","0.5998","0.5998","0.5998"
"56485","3987","3987","3987","0.6016","0.6016","0.6016"
"56564","3993","3993","3993","0.602","0.602","0.602"
"56643","3998","3998","3998","0.6045","0.6045","0.6045"
"56722","4004","4004","4004","0.6043","0.6043","0.6043"
"56801","4010","4010","4010","0.6035","0.6035","0.6035"
"56880","4015","4015","4015","0.6049","0.6049","0.6049"
"56959","4021","4021","4021","0.6053","0.6053","0.6053"
"57038","4026","4026","4026","0.6039","0.6039","0.6039"
"57117","4032","4032","4032","0.6045","0.6045","0.6045"
"57196","4037","4037","4037","0.6077","0.6077","0.6077"
"57275","4043","4043","4043","0.6004","0.6004","0.6004"
"57354","4049","4049","4049","0.6069","0.6069","0.6069"
"57433","4054","4054","4054","0.6055","0.6055","0.6055"
"57512","4060","4060","4060","0.6047","0.6047","0.6047"
"57591","4065","4065","4065","0.6041","0.6041","0.6041"
"57670","4071","4071","4071","0.6043","0.6043","0.6043"
"57749","4076","4076","4076","0.6068","0.6068","0.6068"
"57828","4082","4082","4082","0.6071","0.6071","0.6071"
"57907","4088","4088","4088","0.6062","0.6062","0.6062"
"57986","4093","4093","4093","0.606","0.606","0.606"
"58065","4099","4099","4099","0.604","0.604","0.604"
"58144","4104","4104","4104","0.6062","0.6062","0.6062"
"58223","4110","4110","4110","0.6055","0.6055","0.6055"
"58302","4116","4116","4116","0.6061","0.6061","0.6061"
"58381","4121","4121","4121","0.6067","0.6067","0.6067"
"58460","4127","4127","4127","0.601","0.601","0.601"
"58539","4132","4132","4132","0.6033","0.6033","0.6033"
"58618","4138","4138","4138","0.5991","0.5991","0.5991"
"58697","4143","4143","4143","0.6041","0.6041","0.6041"
"58776","4149","4149","4149","0.6021","0.6021","0.6021"
"58855","4155","4155","4155","0.605","0.605","0.605"
"58934","4160","4160","4160","0.6039","0.6039","0.6039"
"59013","4166","4166","4166","0.6063","0.6063","0.6063"
"59092","4171","4171","4171","0.6065","0.6065","0.6065"
"59171","4177","4177","4177","0.603","0.603","0.603"
"59250","4183","4183","4183","0.6059","0.6059","0.6059"
"59329","4188","4188","4188","0.6059","0.6059","0.6059"
"59408","4194","4194","4194","0.6034","0.6034","0.6034"
"59487","4199","4199","4199","0.609","0.609","0.609"
"59566","4205","4205","4205","0.603","0.603","0.603"
"59645","4210","4210","4210","0.6073","0.6073","0.6073"
"59724","4216","4216","4216","0.605","0.605","0.605"
"59803","4222","4222","4222","0.6036","0.6036","0.6036"
"59882","4227","4227","4227","0.6061","0.6061","0.6061"
"59961","4233","4233","4233","0.6032","0.6032","0.6032"
"60040","4238","4238","4238","0.6045","0.6045","0.6045"
"60119","4244","4244","4244","0.6029","0.6029","0.6029"
"60198","4249","4249","4249","0.6069","0.6069","0.6069"
"60277","4255","4255","4255","0.5987","0.5987","0.5987"
"60356","4261","4261","4261","0.6025","0.6025","0.6025"
"60435","4266","4266","4266","0.6037","0.6037","0.6037"
"60514","4272","4272","4272","0.6037","0.6037","0.6037"
"60593","4277","4277","4277","0.6067","0.6067","0.6067"
"60672","4283","4283","4283","0.6003","0.6003","0.6003"
"60751","4289","4289","4289","0.6074","0.6074","0.6074"
"60830","4294","4294","4294","0.6024","0.6024","0.6024"
"60909","4300","4300","4300","0.6036","0.6036","0.6036"
"60988","4305","4305","4305","0.6085","0.6085","0.6085"
"61067","4311","4311","4311","0.6061","0.6061","0.6061"
"61146","4316","4316","4316","0.6045","0.6045","0.6045"
"61225","4322","4322","4322","0.6061","0.6061","0.6061"
"61304","4328","4328","4328","0.6","0.6","0.6"
"61383","4333","4333","4333","0.6094","0.6094","0.6094"
"61462","4339","4339","4339","0.606","0.606","0.606"
"61541","4344","4344","4344","0.6009","0.6009","0.6009"
"61620","4350","4350","4350","0.6027","0.6027","0.6027"
"61699","4355","4355","4355","0.6041","0.6041","0.6041"
"61778","4361","4361","4361","0.6046","0.6046","0.6046"
"61857","4367","4367","4367","0.6067","0.6067","0.6067"
"61936","4372","4372","4372","0.6022","0.6022","0.6022"
"62015","4378","4378","4378","0.605","0.605","0.605"
"62094","4383","4383","4383","0.6041","0.6041","0.6041"
"62173","4389","4389","4389","0.6037","0.6037","0.6037"
"62252","4395","4395","4395","0.6042","0.6042","0.6042"
"62331","4400","4400","4400","0.6063","0.6063","0.6063"
"62410","4406","4406","4406","0.6031","0.6031","0.6031"
"62489","4411","4411","4411","0.6044","0.6044","0.6044"
"62568","4417","4417","4417","0.6048","0.6048","0.6048"
"62647","4422","4422","4422","0.5991","0.5991","0.5991"
"62726","4428","4428","4428","0.6045","0.6045","0.6045"
"62805","4434","4434","4434","0.6022","0.6022","0.6022"
"62884","4439","4439","4439","0.6017","0.6017","0.6017"
"62963","4445","4445","4445","0.6066","0.6066","0.6066"
"63042","4450","4450","4450","0.6032","0.6032","0.6032"
"63121","4456","4456","4456","0.6054","0.6054","0.6054"
"63200","4462","4462","4462","0.6095","0.6095","0.6095"