"Step","debug/lpl_local_top-down_errCorr_a2.0_1T - _step","debug/lpl_local_top-down_errCorr_a2.0_1T - _step__MIN","debug/lpl_local_top-down_errCorr_a2.0_1T - _step__MAX","debug/lpl_local_top-down_errCorr_a2.0_1T - Performance/linear_readout_acc","debug/lpl_local_top-down_errCorr_a2.0_1T - Performance/linear_readout_acc__MIN","debug/lpl_local_top-down_errCorr_a2.0_1T - Performance/linear_readout_acc__MAX"
"0","0","0","0","0.2278","0.2278","0.2278"
"79","3","3","3","0.3609","0.3609","0.3609"
"158","9","9","9","0.3825","0.3825","0.3825"
"237","14","14","14","0.3897","0.3897","0.3897"
"316","20","20","20","0.3941","0.3941","0.3941"
"395","25","25","25","0.3974","0.3974","0.3974"
"474","31","31","31","0.402","0.402","0.402"
"553","37","37","37","0.4175","0.4175","0.4175"
"632","42","42","42","0.4257","0.4257","0.4257"
"711","48","48","48","0.4254","0.4254","0.4254"
"790","53","53","53","0.4224","0.4224","0.4224"
"869","59","59","59","0.4328","0.4328","0.4328"
"948","64","64","64","0.4335","0.4335","0.4335"
"1027","70","70","70","0.4343","0.4343","0.4343"
"1106","76","76","76","0.4389","0.4389","0.4389"
"1185","81","81","81","0.4449","0.4449","0.4449"
"1264","87","87","87","0.447","0.447","0.447"
"1343","92","92","92","0.4446","0.4446","0.4446"
"1422","98","98","98","0.4525","0.4525","0.4525"
"1501","104","104","104","0.4538","0.4538","0.4538"
"1580","109","109","109","0.4545","0.4545","0.4545"
"1659","115","115","115","0.4568","0.4568","0.4568"
"1738","120","120","120","0.4504","0.4504","0.4504"
"1817","126","126","126","0.4583","0.4583","0.4583"
"1896","131","131","131","0.4609","0.4609","0.4609"
"1975","137","137","137","0.4561","0.4561","0.4561"
"2054","143","143","143","0.4558","0.4558","0.4558"
"2133","148","148","148","0.4573","0.4573","0.4573"
"2212","154","154","154","0.4586","0.4586","0.4586"
"2291","159","159","159","0.4589","0.4589","0.4589"
"2370","165","165","165","0.4645","0.4645","0.4645"
"2449","170","170","170","0.4648","0.4648","0.4648"
"2528","176","176","176","0.4689","0.4689","0.4689"
"2607","182","182","182","0.4672","0.4672","0.4672"
"2686","187","187","187","0.4661","0.4661","0.4661"
"2765","193","193","193","0.4693","0.4693","0.4693"
"2844","198","198","198","0.4712","0.4712","0.4712"
"2923","204","204","204","0.4704","0.4704","0.4704"
"3002","210","210","210","0.4716","0.4716","0.4716"
"3081","215","215","215","0.4656","0.4656","0.4656"
"3160","221","221","221","0.4757","0.4757","0.4757"
"3239","226","226","226","0.4716","0.4716","0.4716"
"3318","232","232","232","0.4764","0.4764","0.4764"
"3397","237","237","237","0.4811","0.4811","0.4811"
"3476","243","243","243","0.4784","0.4784","0.4784"
"3555","249","249","249","0.4806","0.4806","0.4806"
"3634","254","254","254","0.4782","0.4782","0.4782"
"3713","260","260","260","0.4807","0.4807","0.4807"
"3792","265","265","265","0.4863","0.4863","0.4863"
"3871","271","271","271","0.4825","0.4825","0.4825"
"3950","277","277","277","0.4864","0.4864","0.4864"
"4029","282","282","282","0.4831","0.4831","0.4831"
"4108","288","288","288","0.4845","0.4845","0.4845"
"4187","293","293","293","0.4875","0.4875","0.4875"
"4266","299","299","299","0.4897","0.4897","0.4897"
"4345","304","304","304","0.4841","0.4841","0.4841"
"4424","310","310","310","0.4912","0.4912","0.4912"
"4503","316","316","316","0.4831","0.4831","0.4831"
"4582","321","321","321","0.491","0.491","0.491"
"4661","327","327","327","0.4864","0.4864","0.4864"
"4740","332","332","332","0.4887","0.4887","0.4887"
"4819","338","338","338","0.4916","0.4916","0.4916"
"4898","343","343","343","0.4948","0.4948","0.4948"
"4977","349","349","349","0.4862","0.4862","0.4862"
"5056","355","355","355","0.4922","0.4922","0.4922"
"5135","360","360","360","0.4952","0.4952","0.4952"
"5214","366","366","366","0.5024","0.5024","0.5024"
"5293","371","371","371","0.4959","0.4959","0.4959"
"5372","377","377","377","0.4911","0.4911","0.4911"
"5451","383","383","383","0.4927","0.4927","0.4927"
"5530","388","388","388","0.502","0.502","0.502"
"5609","394","394","394","0.4964","0.4964","0.4964"
"5688","399","399","399","0.5023","0.5023","0.5023"
"5767","405","405","405","0.4849","0.4849","0.4849"
"5846","410","410","410","0.4968","0.4968","0.4968"
"5925","416","416","416","0.4944","0.4944","0.4944"
"6004","422","422","422","0.5084","0.5084","0.5084"
"6083","427","427","427","0.4813","0.4813","0.4813"
"6162","433","433","433","0.4924","0.4924","0.4924"
"6241","438","438","438","0.4983","0.4983","0.4983"
"6320","444","444","444","0.493","0.493","0.493"
"6399","449","449","449","0.5012","0.5012","0.5012"
"6478","455","455","455","0.4998","0.4998","0.4998"
"6557","461","461","461","0.5007","0.5007","0.5007"
"6636","466","466","466","0.5018","0.5018","0.5018"
"6715","472","472","472","0.5049","0.5049","0.5049"
"6794","477","477","477","0.4938","0.4938","0.4938"
"6873","483","483","483","0.5071","0.5071","0.5071"
"6952","489","489","489","0.5055","0.5055","0.5055"
"7031","494","494","494","0.4966","0.4966","0.4966"
"7110","500","500","500","0.502","0.502","0.502"
"7189","505","505","505","0.5118","0.5118","0.5118"
"7268","511","511","511","0.4993","0.4993","0.4993"
"7347","516","516","516","0.5019","0.5019","0.5019"
"7426","522","522","522","0.4954","0.4954","0.4954"
"7505","528","528","528","0.5045","0.5045","0.5045"
"7584","533","533","533","0.506","0.506","0.506"
"7663","539","539","539","0.5103","0.5103","0.5103"
"7742","544","544","544","0.5137","0.5137","0.5137"
"7821","550","550","550","0.5082","0.5082","0.5082"
"7900","556","556","556","0.5127","0.5127","0.5127"
"7979","561","561","561","0.5115","0.5115","0.5115"
"8058","567","567","567","0.5163","0.5163","0.5163"
"8137","572","572","572","0.5101","0.5101","0.5101"
"8216","578","578","578","0.5145","0.5145","0.5145"
"8295","583","583","583","0.5086","0.5086","0.5086"
"8374","589","589","589","0.5094","0.5094","0.5094"
"8453","595","595","595","0.5157","0.5157","0.5157"
"8532","600","600","600","0.5176","0.5176","0.5176"
"8611","606","606","606","0.5156","0.5156","0.5156"
"8690","611","611","611","0.5243","0.5243","0.5243"
"8769","617","617","617","0.5186","0.5186","0.5186"
"8848","622","622","622","0.5208","0.5208","0.5208"
"8927","628","628","628","0.5229","0.5229","0.5229"
"9006","634","634","634","0.5223","0.5223","0.5223"
"9085","639","639","639","0.522","0.522","0.522"
"9164","645","645","645","0.5277","0.5277","0.5277"
"9243","650","650","650","0.5341","0.5341","0.5341"
"9322","656","656","656","0.5271","0.5271","0.5271"
"9401","662","662","662","0.5253","0.5253","0.5253"
"9480","667","667","667","0.5305","0.5305","0.5305"
"9559","673","673","673","0.5312","0.5312","0.5312"
"9638","678","678","678","0.5287","0.5287","0.5287"
"9717","684","684","684","0.5286","0.5286","0.5286"
"9796","689","689","689","0.5315","0.5315","0.5315"
"9875","695","695","695","0.5325","0.5325","0.5325"
"9954","701","701","701","0.5349","0.5349","0.5349"
"10033","706","706","706","0.5338","0.5338","0.5338"
"10112","712","712","712","0.5416","0.5416","0.5416"
"10191","717","717","717","0.5293","0.5293","0.5293"
"10270","723","723","723","0.5371","0.5371","0.5371"
"10349","728","728","728","0.5348","0.5348","0.5348"
"10428","734","734","734","0.544","0.544","0.544"
"10507","740","740","740","0.5395","0.5395","0.5395"
"10586","745","745","745","0.545","0.545","0.545"
"10665","751","751","751","0.5394","0.5394","0.5394"
"10744","756","756","756","0.5433","0.5433","0.5433"
"10823","762","762","762","0.5458","0.5458","0.5458"
"10902","768","768","768","0.5485","0.5485","0.5485"
"10981","773","773","773","0.5488","0.5488","0.5488"
"11060","779","779","779","0.5414","0.5414","0.5414"
"11139","784","784","784","0.5475","0.5475","0.5475"
"11218","790","790","790","0.5489","0.5489","0.5489"
"11297","795","795","795","0.5466","0.5466","0.5466"
"11376","801","801","801","0.5487","0.5487","0.5487"
"11455","807","807","807","0.5559","0.5559","0.5559"
"11534","812","812","812","0.5517","0.5517","0.5517"
"11613","818","818","818","0.5504","0.5504","0.5504"
"11692","823","823","823","0.5542","0.5542","0.5542"
"11771","829","829","829","0.5543","0.5543","0.5543"
"11850","835","835","835","0.5592","0.5592","0.5592"
"11929","840","840","840","0.5574","0.5574","0.5574"
"12008","846","846","846","0.5553","0.5553","0.5553"
"12087","851","851","851","0.5454","0.5454","0.5454"
"12166","857","857","857","0.5604","0.5604","0.5604"
"12245","862","862","862","0.5605","0.5605","0.5605"
"12324","868","868","868","0.5572","0.5572","0.5572"
"12403","874","874","874","0.5547","0.5547","0.5547"
"12482","879","879","879","0.5628","0.5628","0.5628"
"12561","885","885","885","0.556","0.556","0.556"
"12640","890","890","890","0.56","0.56","0.56"
"12719","896","896","896","0.5622","0.5622","0.5622"
"12798","901","901","901","0.5653","0.5653","0.5653"
"12877","907","907","907","0.5623","0.5623","0.5623"
"12956","913","913","913","0.5641","0.5641","0.5641"
"13035","918","918","918","0.5625","0.5625","0.5625"
"13114","924","924","924","0.5644","0.5644","0.5644"
"13193","929","929","929","0.562","0.562","0.562"
"13272","935","935","935","0.5621","0.5621","0.5621"
"13351","941","941","941","0.5686","0.5686","0.5686"
"13430","946","946","946","0.5613","0.5613","0.5613"
"13509","952","952","952","0.5678","0.5678","0.5678"
"13588","957","957","957","0.5712","0.5712","0.5712"
"13667","963","963","963","0.5667","0.5667","0.5667"
"13746","968","968","968","0.5623","0.5623","0.5623"
"13825","974","974","974","0.5674","0.5674","0.5674"
"13904","980","980","980","0.5734","0.5734","0.5734"
"13983","985","985","985","0.5616","0.5616","0.5616"
"14062","991","991","991","0.5664","0.5664","0.5664"
"14141","996","996","996","0.5635","0.5635","0.5635"
"14220","1002","1002","1002","0.5673","0.5673","0.5673"
"14299","1007","1007","1007","0.5674","0.5674","0.5674"
"14378","1013","1013","1013","0.5631","0.5631","0.5631"
"14457","1019","1019","1019","0.5711","0.5711","0.5711"
"14536","1024","1024","1024","0.5666","0.5666","0.5666"
"14615","1030","1030","1030","0.5593","0.5593","0.5593"
"14694","1035","1035","1035","0.5678","0.5678","0.5678"
"14773","1041","1041","1041","0.5648","0.5648","0.5648"
"14852","1047","1047","1047","0.5747","0.5747","0.5747"
"14931","1052","1052","1052","0.5766","0.5766","0.5766"
"15010","1058","1058","1058","0.5677","0.5677","0.5677"
"15089","1063","1063","1063","0.5753","0.5753","0.5753"
"15168","1069","1069","1069","0.571","0.571","0.571"
"15247","1074","1074","1074","0.5723","0.5723","0.5723"
"15326","1080","1080","1080","0.5685","0.5685","0.5685"
"15405","1086","1086","1086","0.5685","0.5685","0.5685"
"15484","1091","1091","1091","0.5708","0.5708","0.5708"
"15563","1097","1097","1097","0.5703","0.5703","0.5703"
"15642","1102","1102","1102","0.572","0.572","0.572"
"15721","1108","1108","1108","0.5733","0.5733","0.5733"
"15800","1114","1114","1114","0.5748","0.5748","0.5748"
"15879","1119","1119","1119","0.5737","0.5737","0.5737"
"15958","1125","1125","1125","0.5709","0.5709","0.5709"
"16037","1130","1130","1130","0.5735","0.5735","0.5735"
"16116","1136","1136","1136","0.5642","0.5642","0.5642"
"16195","1141","1141","1141","0.5731","0.5731","0.5731"
"16274","1147","1147","1147","0.574","0.574","0.574"
"16353","1153","1153","1153","0.5732","0.5732","0.5732"
"16432","1158","1158","1158","0.5743","0.5743","0.5743"
"16511","1164","1164","1164","0.5722","0.5722","0.5722"
"16590","1169","1169","1169","0.5768","0.5768","0.5768"
"16669","1175","1175","1175","0.5736","0.5736","0.5736"
"16748","1180","1180","1180","0.5732","0.5732","0.5732"
"16827","1186","1186","1186","0.5771","0.5771","0.5771"
"16906","1192","1192","1192","0.5777","0.5777","0.5777"
"16985","1197","1197","1197","0.5764","0.5764","0.5764"
"17064","1203","1203","1203","0.5761","0.5761","0.5761"
"17143","1208","1208","1208","0.5739","0.5739","0.5739"
"17222","1214","1214","1214","0.5749","0.5749","0.5749"
"17301","1220","1220","1220","0.5744","0.5744","0.5744"
"17380","1225","1225","1225","0.5752","0.5752","0.5752"
"17459","1231","1231","1231","0.5689","0.5689","0.5689"
"17538","1236","1236","1236","0.5753","0.5753","0.5753"
"17617","1242","1242","1242","0.5748","0.5748","0.5748"
"17696","1247","1247","1247","0.5823","0.5823","0.5823"
"17775","1253","1253","1253","0.5744","0.5744","0.5744"
"17854","1259","1259","1259","0.5756","0.5756","0.5756"
"17933","1264","1264","1264","0.5704","0.5704","0.5704"
"18012","1270","1270","1270","0.5791","0.5791","0.5791"
"18091","1275","1275","1275","0.5824","0.5824","0.5824"
"18170","1281","1281","1281","0.5797","0.5797","0.5797"
"18249","1286","1286","1286","0.5784","0.5784","0.5784"
"18328","1292","1292","1292","0.5834","0.5834","0.5834"
"18407","1298","1298","1298","0.5736","0.5736","0.5736"
"18486","1303","1303","1303","0.5672","0.5672","0.5672"
"18565","1309","1309","1309","0.5758","0.5758","0.5758"
"18644","1314","1314","1314","0.576","0.576","0.576"
"18723","1320","1320","1320","0.5692","0.5692","0.5692"
"18802","1326","1326","1326","0.5768","0.5768","0.5768"
"18881","1331","1331","1331","0.5803","0.5803","0.5803"
"18960","1337","1337","1337","0.5811","0.5811","0.5811"
"19039","1342","1342","1342","0.5801","0.5801","0.5801"
"19118","1348","1348","1348","0.5813","0.5813","0.5813"
"19197","1353","1353","1353","0.5782","0.5782","0.5782"
"19276","1359","1359","1359","0.5792","0.5792","0.5792"
"19355","1365","1365","1365","0.5803","0.5803","0.5803"
"19434","1370","1370","1370","0.5753","0.5753","0.5753"
"19513","1376","1376","1376","0.5784","0.5784","0.5784"
"19592","1381","1381","1381","0.5793","0.5793","0.5793"
"19671","1387","1387","1387","0.5784","0.5784","0.5784"
"19750","1393","1393","1393","0.5789","0.5789","0.5789"
"19829","1398","1398","1398","0.5799","0.5799","0.5799"
"19908","1404","1404","1404","0.5795","0.5795","0.5795"
"19987","1409","1409","1409","0.584","0.584","0.584"
"20066","1415","1415","1415","0.583","0.583","0.583"
"20145","1420","1420","1420","0.5836","0.5836","0.5836"
"20224","1426","1426","1426","0.5852","0.5852","0.5852"
"20303","1432","1432","1432","0.5839","0.5839","0.5839"
"20382","1437","1437","1437","0.5859","0.5859","0.5859"
"20461","1443","1443","1443","0.5822","0.5822","0.5822"
"20540","1448","1448","1448","0.5802","0.5802","0.5802"
"20619","1454","1454","1454","0.5776","0.5776","0.5776"
"20698","1459","1459","1459","0.5782","0.5782","0.5782"
"20777","1465","1465","1465","0.5786","0.5786","0.5786"
"20856","1471","1471","1471","0.5807","0.5807","0.5807"
"20935","1476","1476","1476","0.5825","0.5825","0.5825"
"21014","1482","1482","1482","0.5836","0.5836","0.5836"
"21093","1487","1487","1487","0.5851","0.5851","0.5851"
"21172","1493","1493","1493","0.5822","0.5822","0.5822"
"21251","1499","1499","1499","0.5836","0.5836","0.5836"
"21330","1504","1504","1504","0.583","0.583","0.583"
"21409","1510","1510","1510","0.5815","0.5815","0.5815"
"21488","1515","1515","1515","0.5791","0.5791","0.5791"
"21567","1521","1521","1521","0.5779","0.5779","0.5779"
"21646","1526","1526","1526","0.5792","0.5792","0.5792"
"21725","1532","1532","1532","0.5795","0.5795","0.5795"
"21804","1538","1538","1538","0.5811","0.5811","0.5811"
"21883","1543","1543","1543","0.5812","0.5812","0.5812"
"21962","1549","1549","1549","0.5865","0.5865","0.5865"
"22041","1554","1554","1554","0.5778","0.5778","0.5778"
"22120","1560","1560","1560","0.5768","0.5768","0.5768"
"22199","1565","1565","1565","0.5834","0.5834","0.5834"
"22278","1571","1571","1571","0.5823","0.5823","0.5823"
"22357","1577","1577","1577","0.5838","0.5838","0.5838"
"22436","1582","1582","1582","0.5829","0.5829","0.5829"
"22515","1588","1588","1588","0.5845","0.5845","0.5845"
"22594","1593","1593","1593","0.5813","0.5813","0.5813"
"22673","1599","1599","1599","0.5863","0.5863","0.5863"
"22752","1605","1605","1605","0.5881","0.5881","0.5881"
"22831","1610","1610","1610","0.5827","0.5827","0.5827"
"22910","1616","1616","1616","0.582","0.582","0.582"
"22989","1621","1621","1621","0.5847","0.5847","0.5847"
"23068","1627","1627","1627","0.5865","0.5865","0.5865"
"23147","1632","1632","1632","0.5829","0.5829","0.5829"
"23226","1638","1638","1638","0.587","0.587","0.587"
"23305","1644","1644","1644","0.5851","0.5851","0.5851"
"23384","1649","1649","1649","0.5875","0.5875","0.5875"
"23463","1655","1655","1655","0.5874","0.5874","0.5874"
"23542","1660","1660","1660","0.5846","0.5846","0.5846"
"23621","1666","1666","1666","0.5893","0.5893","0.5893"
"23700","1672","1672","1672","0.5865","0.5865","0.5865"
"23779","1677","1677","1677","0.5829","0.5829","0.5829"
"23858","1683","1683","1683","0.5823","0.5823","0.5823"
"23937","1688","1688","1688","0.591","0.591","0.591"
"24016","1694","1694","1694","0.5883","0.5883","0.5883"
"24095","1699","1699","1699","0.5891","0.5891","0.5891"
"24174","1705","1705","1705","0.5828","0.5828","0.5828"
"24253","1711","1711","1711","0.5862","0.5862","0.5862"
"24332","1716","1716","1716","0.5852","0.5852","0.5852"
"24411","1722","1722","1722","0.5874","0.5874","0.5874"
"24490","1727","1727","1727","0.5895","0.5895","0.5895"
"24569","1733","1733","1733","0.5876","0.5876","0.5876"
"24648","1738","1738","1738","0.5836","0.5836","0.5836"
"24727","1744","1744","1744","0.5978","0.5978","0.5978"
"24806","1750","1750","1750","0.5935","0.5935","0.5935"
"24885","1755","1755","1755","0.5866","0.5866","0.5866"
"24964","1761","1761","1761","0.5878","0.5878","0.5878"
"25043","1766","1766","1766","0.5926","0.5926","0.5926"
"25122","1772","1772","1772","0.5857","0.5857","0.5857"
"25201","1778","1778","1778","0.5912","0.5912","0.5912"
"25280","1783","1783","1783","0.5869","0.5869","0.5869"
"25359","1789","1789","1789","0.5923","0.5923","0.5923"
"25438","1794","1794","1794","0.5838","0.5838","0.5838"
"25517","1800","1800","1800","0.5877","0.5877","0.5877"
"25596","1805","1805","1805","0.5911","0.5911","0.5911"
"25675","1811","1811","1811","0.5854","0.5854","0.5854"
"25754","1817","1817","1817","0.5851","0.5851","0.5851"
"25833","1822","1822","1822","0.5911","0.5911","0.5911"
"25912","1828","1828","1828","0.5931","0.5931","0.5931"
"25991","1833","1833","1833","0.5915","0.5915","0.5915"
"26070","1839","1839","1839","0.5894","0.5894","0.5894"
"26149","1844","1844","1844","0.5891","0.5891","0.5891"
"26228","1850","1850","1850","0.5934","0.5934","0.5934"
"26307","1856","1856","1856","0.5906","0.5906","0.5906"
"26386","1861","1861","1861","0.5902","0.5902","0.5902"
"26465","1867","1867","1867","0.5863","0.5863","0.5863"
"26544","1872","1872","1872","0.5845","0.5845","0.5845"
"26623","1878","1878","1878","0.5907","0.5907","0.5907"
"26702","1884","1884","1884","0.595","0.595","0.595"
"26781","1889","1889","1889","0.5887","0.5887","0.5887"
"26860","1895","1895","1895","0.586","0.586","0.586"
"26939","1900","1900","1900","0.5931","0.5931","0.5931"
"27018","1906","1906","1906","0.5868","0.5868","0.5868"
"27097","1911","1911","1911","0.5927","0.5927","0.5927"
"27176","1917","1917","1917","0.589","0.589","0.589"
"27255","1923","1923","1923","0.5931","0.5931","0.5931"
"27334","1928","1928","1928","0.59","0.59","0.59"
"27413","1934","1934","1934","0.5905","0.5905","0.5905"
"27492","1939","1939","1939","0.5943","0.5943","0.5943"
"27571","1945","1945","1945","0.5876","0.5876","0.5876"
"27650","1951","1951","1951","0.5902","0.5902","0.5902"
"27729","1956","1956","1956","0.5958","0.5958","0.5958"
"27808","1962","1962","1962","0.5911","0.5911","0.5911"
"27887","1967","1967","1967","0.5962","0.5962","0.5962"
"27966","1973","1973","1973","0.5914","0.5914","0.5914"
"28045","1978","1978","1978","0.595","0.595","0.595"
"28124","1984","1984","1984","0.5961","0.5961","0.5961"
"28203","1990","1990","1990","0.5975","0.5975","0.5975"
"28282","1995","1995","1995","0.5895","0.5895","0.5895"
"28361","2001","2001","2001","0.5956","0.5956","0.5956"
"28440","2006","2006","2006","0.5963","0.5963","0.5963"
"28519","2012","2012","2012","0.5943","0.5943","0.5943"
"28598","2017","2017","2017","0.5929","0.5929","0.5929"
"28677","2023","2023","2023","0.6004","0.6004","0.6004"
"28756","2029","2029","2029","0.5917","0.5917","0.5917"
"28835","2034","2034","2034","0.5902","0.5902","0.5902"
"28914","2040","2040","2040","0.5936","0.5936","0.5936"
"28993","2045","2045","2045","0.5963","0.5963","0.5963"
"29072","2051","2051","2051","0.5905","0.5905","0.5905"
"29151","2057","2057","2057","0.5946","0.5946","0.5946"
"29230","2062","2062","2062","0.5971","0.5971","0.5971"
"29309","2068","2068","2068","0.5935","0.5935","0.5935"
"29388","2073","2073","2073","0.5905","0.5905","0.5905"
"29467","2079","2079","2079","0.5959","0.5959","0.5959"
"29546","2084","2084","2084","0.6019","0.6019","0.6019"
"29625","2090","2090","2090","0.5971","0.5971","0.5971"
"29704","2096","2096","2096","0.5918","0.5918","0.5918"
"29783","2101","2101","2101","0.5989","0.5989","0.5989"
"29862","2107","2107","2107","0.5959","0.5959","0.5959"
"29941","2112","2112","2112","0.5909","0.5909","0.5909"
"30020","2118","2118","2118","0.5913","0.5913","0.5913"
"30099","2123","2123","2123","0.5894","0.5894","0.5894"
"30178","2129","2129","2129","0.5977","0.5977","0.5977"
"30257","2135","2135","2135","0.5926","0.5926","0.5926"
"30336","2140","2140","2140","0.5954","0.5954","0.5954"
"30415","2146","2146","2146","0.5954","0.5954","0.5954"
"30494","2151","2151","2151","0.5981","0.5981","0.5981"
"30573","2157","2157","2157","0.5994","0.5994","0.5994"
"30652","2163","2163","2163","0.5976","0.5976","0.5976"
"30731","2168","2168","2168","0.5981","0.5981","0.5981"
"30810","2174","2174","2174","0.5975","0.5975","0.5975"
"30889","2179","2179","2179","0.5978","0.5978","0.5978"
"30968","2185","2185","2185","0.6001","0.6001","0.6001"
"31047","2190","2190","2190","0.5941","0.5941","0.5941"
"31126","2196","2196","2196","0.6011","0.6011","0.6011"
"31205","2202","2202","2202","0.595","0.595","0.595"
"31284","2207","2207","2207","0.5967","0.5967","0.5967"
"31363","2213","2213","2213","0.5991","0.5991","0.5991"
"31442","2218","2218","2218","0.5998","0.5998","0.5998"
"31521","2224","2224","2224","0.6001","0.6001","0.6001"
"31600","2230","2230","2230","0.5968","0.5968","0.5968"
"31679","2235","2235","2235","0.5929","0.5929","0.5929"
"31758","2241","2241","2241","0.5945","0.5945","0.5945"
"31837","2246","2246","2246","0.5991","0.5991","0.5991"
"31916","2252","2252","2252","0.5981","0.5981","0.5981"
"31995","2257","2257","2257","0.5985","0.5985","0.5985"
"32074","2263","2263","2263","0.5933","0.5933","0.5933"
"32153","2269","2269","2269","0.5955","0.5955","0.5955"
"32232","2274","2274","2274","0.5926","0.5926","0.5926"
"32311","2280","2280","2280","0.5956","0.5956","0.5956"
"32390","2285","2285","2285","0.5998","0.5998","0.5998"
"32469","2291","2291","2291","0.601","0.601","0.601"
"32548","2296","2296","2296","0.5994","0.5994","0.5994"
"32627","2302","2302","2302","0.6025","0.6025","0.6025"
"32706","2308","2308","2308","0.5964","0.5964","0.5964"
"32785","2313","2313","2313","0.6039","0.6039","0.6039"
"32864","2319","2319","2319","0.5972","0.5972","0.5972"
"32943","2324","2324","2324","0.6012","0.6012","0.6012"
"33022","2330","2330","2330","0.6019","0.6019","0.6019"
"33101","2336","2336","2336","0.5939","0.5939","0.5939"
"33180","2341","2341","2341","0.6006","0.6006","0.6006"
"33259","2347","2347","2347","0.5982","0.5982","0.5982"
"33338","2352","2352","2352","0.5993","0.5993","0.5993"
"33417","2358","2358","2358","0.5994","0.5994","0.5994"
"33496","2363","2363","2363","0.5917","0.5917","0.5917"
"33575","2369","2369","2369","0.6008","0.6008","0.6008"
"33654","2375","2375","2375","0.6025","0.6025","0.6025"
"33733","2380","2380","2380","0.6015","0.6015","0.6015"
"33812","2386","2386","2386","0.5998","0.5998","0.5998"
"33891","2391","2391","2391","0.5983","0.5983","0.5983"
"33970","2397","2397","2397","0.5965","0.5965","0.5965"
"34049","2402","2402","2402","0.6003","0.6003","0.6003"
"34128","2408","2408","2408","0.5918","0.5918","0.5918"
"34207","2414","2414","2414","0.5985","0.5985","0.5985"
"34286","2419","2419","2419","0.6043","0.6043","0.6043"
"34365","2425","2425","2425","0.6014","0.6014","0.6014"
"34444","2430","2430","2430","0.6012","0.6012","0.6012"
"34523","2436","2436","2436","0.5993","0.5993","0.5993"
"34602","2442","2442","2442","0.5978","0.5978","0.5978"
"34681","2447","2447","2447","0.5987","0.5987","0.5987"
"34760","2453","2453","2453","0.6019","0.6019","0.6019"
"34839","2458","2458","2458","0.5964","0.5964","0.5964"
"34918","2464","2464","2464","0.5967","0.5967","0.5967"
"34997","2469","2469","2469","0.6073","0.6073","0.6073"
"35076","2475","2475","2475","0.6028","0.6028","0.6028"
"35155","2481","2481","2481","0.6005","0.6005","0.6005"
"35234","2486","2486","2486","0.6014","0.6014","0.6014"
"35313","2492","2492","2492","0.6016","0.6016","0.6016"
"35392","2497","2497","2497","0.5977","0.5977","0.5977"
"35471","2503","2503","2503","0.6054","0.6054","0.6054"
"35550","2509","2509","2509","0.6007","0.6007","0.6007"
"35629","2514","2514","2514","0.6044","0.6044","0.6044"
"35708","2520","2520","2520","0.5992","0.5992","0.5992"
"35787","2525","2525","2525","0.5999","0.5999","0.5999"
"35866","2531","2531","2531","0.6003","0.6003","0.6003"
"35945","2536","2536","2536","0.602","0.602","0.602"
"36024","2542","2542","2542","0.5999","0.5999","0.5999"
"36103","2548","2548","2548","0.6044","0.6044","0.6044"
"36182","2553","2553","2553","0.5995","0.5995","0.5995"
"36261","2559","2559","2559","0.5988","0.5988","0.5988"
"36340","2564","2564","2564","0.601","0.601","0.601"
"36419","2570","2570","2570","0.6002","0.6002","0.6002"
"36498","2575","2575","2575","0.6014","0.6014","0.6014"
"36577","2581","2581","2581","0.6005","0.6005","0.6005"
"36656","2587","2587","2587","0.6012","0.6012","0.6012"
"36735","2592","2592","2592","0.6034","0.6034","0.6034"
"36814","2598","2598","2598","0.5968","0.5968","0.5968"
"36893","2603","2603","2603","0.5994","0.5994","0.5994"
"36972","2609","2609","2609","0.5994","0.5994","0.5994"
"37051","2615","2615","2615","0.6015","0.6015","0.6015"
"37130","2620","2620","2620","0.6051","0.6051","0.6051"
"37209","2626","2626","2626","0.5984","0.5984","0.5984"
"37288","2631","2631","2631","0.6001","0.6001","0.6001"
"37367","2637","2637","2637","0.6055","0.6055","0.6055"
"37446","2642","2642","2642","0.605","0.605","0.605"
"37525","2648","2648","2648","0.6061","0.6061","0.6061"
"37604","2654","2654","2654","0.6014","0.6014","0.6014"
"37683","2659","2659","2659","0.598","0.598","0.598"
"37762","2665","2665","2665","0.6041","0.6041","0.6041"
"37841","2670","2670","2670","0.601","0.601","0.601"
"37920","2676","2676","2676","0.604","0.604","0.604"
"37999","2681","2681","2681","0.6026","0.6026","0.6026"
"38078","2687","2687","2687","0.6086","0.6086","0.6086"
"38157","2693","2693","2693","0.6075","0.6075","0.6075"
"38236","2698","2698","2698","0.5992","0.5992","0.5992"
"38315","2704","2704","2704","0.6081","0.6081","0.6081"
"38394","2709","2709","2709","0.6072","0.6072","0.6072"
"38473","2715","2715","2715","0.6017","0.6017","0.6017"
"38552","2721","2721","2721","0.6032","0.6032","0.6032"
"38631","2726","2726","2726","0.6037","0.6037","0.6037"
"38710","2732","2732","2732","0.6044","0.6044","0.6044"
"38789","2737","2737","2737","0.6029","0.6029","0.6029"
"38868","2743","2743","2743","0.6007","0.6007","0.6007"
"38947","2748","2748","2748","0.607","0.607","0.607"
"39026","2754","2754","2754","0.6037","0.6037","0.6037"
"39105","2760","2760","2760","0.6051","0.6051","0.6051"
"39184","2765","2765","2765","0.6066","0.6066","0.6066"
"39263","2771","2771","2771","0.6059","0.6059","0.6059"
"39342","2776","2776","2776","0.5991","0.5991","0.5991"
"39421","2782","2782","2782","0.6056","0.6056","0.6056"
"39500","2788","2788","2788","0.6061","0.6061","0.6061"
"39579","2793","2793","2793","0.6024","0.6024","0.6024"
"39658","2799","2799","2799","0.6057","0.6057","0.6057"
"39737","2804","2804","2804","0.6043","0.6043","0.6043"
"39816","2810","2810","2810","0.6074","0.6074","0.6074"
"39895","2815","2815","2815","0.603","0.603","0.603"
"39974","2821","2821","2821","0.5985","0.5985","0.5985"
"40053","2827","2827","2827","0.5963","0.5963","0.5963"
"40132","2832","2832","2832","0.6065","0.6065","0.6065"
"40211","2838","2838","2838","0.6061","0.6061","0.6061"
"40290","2843","2843","2843","0.6082","0.6082","0.6082"
"40369","2849","2849","2849","0.6089","0.6089","0.6089"
"40448","2854","2854","2854","0.6048","0.6048","0.6048"
"40527","2860","2860","2860","0.5996","0.5996","0.5996"
"40606","2866","2866","2866","0.6026","0.6026","0.6026"
"40685","2871","2871","2871","0.6052","0.6052","0.6052"
"40764","2877","2877","2877","0.6112","0.6112","0.6112"
"40843","2882","2882","2882","0.6083","0.6083","0.6083"
"40922","2888","2888","2888","0.6057","0.6057","0.6057"
"41001","2894","2894","2894","0.6073","0.6073","0.6073"
"41080","2899","2899","2899","0.6061","0.6061","0.6061"
"41159","2905","2905","2905","0.6068","0.6068","0.6068"
"41238","2910","2910","2910","0.6032","0.6032","0.6032"
"41317","2916","2916","2916","0.608","0.608","0.608"
"41396","2921","2921","2921","0.6014","0.6014","0.6014"
"41475","2927","2927","2927","0.6073","0.6073","0.6073"
"41554","2933","2933","2933","0.6043","0.6043","0.6043"
"41633","2938","2938","2938","0.6118","0.6118","0.6118"
"41712","2944","2944","2944","0.6101","0.6101","0.6101"
"41791","2949","2949","2949","0.6105","0.6105","0.6105"
"41870","2955","2955","2955","0.6058","0.6058","0.6058"
"41949","2960","2960","2960","0.6024","0.6024","0.6024"
"42028","2966","2966","2966","0.608","0.608","0.608"
"42107","2972","2972","2972","0.6008","0.6008","0.6008"
"42186","2977","2977","2977","0.6134","0.6134","0.6134"
"42265","2983","2983","2983","0.608","0.608","0.608"
"42344","2988","2988","2988","0.6044","0.6044","0.6044"
"42423","2994","2994","2994","0.6077","0.6077","0.6077"
"42502","3000","3000","3000","0.6123","0.6123","0.6123"
"42581","3005","3005","3005","0.6038","0.6038","0.6038"
"42660","3011","3011","3011","0.6092","0.6092","0.6092"
"42739","3016","3016","3016","0.6102","0.6102","0.6102"
"42818","3022","3022","3022","0.6091","0.6091","0.6091"
"42897","3027","3027","3027","0.6097","0.6097","0.6097"
"42976","3033","3033","3033","0.6093","0.6093","0.6093"
"43055","3039","3039","3039","0.6064","0.6064","0.6064"
"43134","3044","3044","3044","0.608","0.608","0.608"
"43213","3050","3050","3050","0.6069","0.6069","0.6069"
"43292","3055","3055","3055","0.6054","0.6054","0.6054"
"43371","3061","3061","3061","0.6084","0.6084","0.6084"
"43450","3067","3067","3067","0.6032","0.6032","0.6032"
"43529","3072","3072","3072","0.6084","0.6084","0.6084"
"43608","3078","3078","3078","0.6039","0.6039","0.6039"
"43687","3083","3083","3083","0.6065","0.6065","0.6065"
"43766","3089","3089","3089","0.6071","0.6071","0.6071"
"43845","3094","3094","3094","0.606","0.606","0.606"
"43924","3100","3100","3100","0.6081","0.6081","0.6081"
"44003","3106","3106","3106","0.6125","0.6125","0.6125"
"44082","3111","3111","3111","0.6075","0.6075","0.6075"
"44161","3117","3117","3117","0.6052","0.6052","0.6052"
"44240","3122","3122","3122","0.6051","0.6051","0.6051"
"44319","3128","3128","3128","0.6076","0.6076","0.6076"
"44398","3133","3133","3133","0.6039","0.6039","0.6039"
"44477","3139","3139","3139","0.6124","0.6124","0.6124"
"44556","3145","3145","3145","0.6087","0.6087","0.6087"
"44635","3150","3150","3150","0.6081","0.6081","0.6081"
"44714","3156","3156","3156","0.6039","0.6039","0.6039"
"44793","3161","3161","3161","0.6123","0.6123","0.6123"
"44872","3167","3167","3167","0.6107","0.6107","0.6107"
"44951","3173","3173","3173","0.6111","0.6111","0.6111"
"45030","3178","3178","3178","0.6117","0.6117","0.6117"
"45109","3184","3184","3184","0.6026","0.6026","0.6026"
"45188","3189","3189","3189","0.6111","0.6111","0.6111"
"45267","3195","3195","3195","0.6079","0.6079","0.6079"
"45346","3200","3200","3200","0.6144","0.6144","0.6144"
"45425","3206","3206","3206","0.6103","0.6103","0.6103"
"45504","3212","3212","3212","0.6107","0.6107","0.6107"
"45583","3217","3217","3217","0.6076","0.6076","0.6076"
"45662","3223","3223","3223","0.616","0.616","0.616"
"45741","3228","3228","3228","0.6063","0.6063","0.6063"
"45820","3234","3234","3234","0.6094","0.6094","0.6094"
"45899","3239","3239","3239","0.6081","0.6081","0.6081"
"45978","3245","3245","3245","0.6062","0.6062","0.6062"
"46057","3251","3251","3251","0.6108","0.6108","0.6108"
"46136","3256","3256","3256","0.6121","0.6121","0.6121"
"46215","3262","3262","3262","0.6018","0.6018","0.6018"
"46294","3267","3267","3267","0.6062","0.6062","0.6062"
"46373","3273","3273","3273","0.6102","0.6102","0.6102"
"46452","3279","3279","3279","0.608","0.608","0.608"
"46531","3284","3284","3284","0.6085","0.6085","0.6085"
"46610","3290","3290","3290","0.6114","0.6114","0.6114"
"46689","3295","3295","3295","0.6097","0.6097","0.6097"
"46768","3301","3301","3301","0.6094","0.6094","0.6094"
"46847","3306","3306","3306","0.6045","0.6045","0.6045"
"46926","3312","3312","3312","0.6117","0.6117","0.6117"
"47005","3318","3318","3318","0.6064","0.6064","0.6064"
"47084","3323","3323","3323","0.6087","0.6087","0.6087"
"47163","3329","3329","3329","0.6044","0.6044","0.6044"
"47242","3334","3334","3334","0.6079","0.6079","0.6079"
"47321","3340","3340","3340","0.6091","0.6091","0.6091"
"47400","3346","3346","3346","0.6116","0.6116","0.6116"
"47479","3351","3351","3351","0.6113","0.6113","0.6113"
"47558","3357","3357","3357","0.6077","0.6077","0.6077"
"47637","3362","3362","3362","0.6091","0.6091","0.6091"
"47716","3368","3368","3368","0.6113","0.6113","0.6113"
"47795","3373","3373","3373","0.6125","0.6125","0.6125"
"47874","3379","3379","3379","0.6151","0.6151","0.6151"
"47953","3385","3385","3385","0.6158","0.6158","0.6158"
"48032","3390","3390","3390","0.6116","0.6116","0.6116"
"48111","3396","3396","3396","0.6146","0.6146","0.6146"
"48190","3401","3401","3401","0.6069","0.6069","0.6069"
"48269","3407","3407","3407","0.6148","0.6148","0.6148"
"48348","3412","3412","3412","0.61","0.61","0.61"
"48427","3418","3418","3418","0.6119","0.6119","0.6119"
"48506","3424","3424","3424","0.6066","0.6066","0.6066"
"48585","3429","3429","3429","0.6039","0.6039","0.6039"
"48664","3435","3435","3435","0.6131","0.6131","0.6131"
"48743","3440","3440","3440","0.6158","0.6158","0.6158"
"48822","3446","3446","3446","0.6097","0.6097","0.6097"
"48901","3452","3452","3452","0.6095","0.6095","0.6095"
"48980","3457","3457","3457","0.6065","0.6065","0.6065"
"49059","3463","3463","3463","0.6092","0.6092","0.6092"
"49138","3468","3468","3468","0.6123","0.6123","0.6123"
"49217","3474","3474","3474","0.6098","0.6098","0.6098"
"49296","3479","3479","3479","0.6088","0.6088","0.6088"
"49375","3485","3485","3485","0.6072","0.6072","0.6072"
"49454","3491","3491","3491","0.6072","0.6072","0.6072"
"49533","3496","3496","3496","0.6145","0.6145","0.6145"
"49612","3502","3502","3502","0.6122","0.6122","0.6122"
"49691","3507","3507","3507","0.6078","0.6078","0.6078"
"49770","3513","3513","3513","0.6085","0.6085","0.6085"
"49849","3518","3518","3518","0.6082","0.6082","0.6082"
"49928","3524","3524","3524","0.6068","0.6068","0.6068"
"50007","3530","3530","3530","0.6095","0.6095","0.6095"
"50086","3535","3535","3535","0.6107","0.6107","0.6107"
"50165","3541","3541","3541","0.6142","0.6142","0.6142"
"50244","3546","3546","3546","0.6103","0.6103","0.6103"
"50323","3552","3552","3552","0.6107","0.6107","0.6107"
"50402","3558","3558","3558","0.6134","0.6134","0.6134"
"50481","3563","3563","3563","0.6133","0.6133","0.6133"
"50560","3569","3569","3569","0.6104","0.6104","0.6104"
"50639","3574","3574","3574","0.6079","0.6079","0.6079"
"50718","3580","3580","3580","0.6091","0.6091","0.6091"
"50797","3585","3585","3585","0.6114","0.6114","0.6114"
"50876","3591","3591","3591","0.6111","0.6111","0.6111"
"50955","3597","3597","3597","0.6108","0.6108","0.6108"
"51034","3602","3602","3602","0.6127","0.6127","0.6127"
"51113","3608","3608","3608","0.6129","0.6129","0.6129"
"51192","3613","3613","3613","0.6153","0.6153","0.6153"
"51271","3619","3619","3619","0.612","0.612","0.612"
"51350","3625","3625","3625","0.6154","0.6154","0.6154"
"51429","3630","3630","3630","0.6118","0.6118","0.6118"
"51508","3636","3636","3636","0.6107","0.6107","0.6107"
"51587","3641","3641","3641","0.6107","0.6107","0.6107"
"51666","3647","3647","3647","0.6101","0.6101","0.6101"
"51745","3652","3652","3652","0.6146","0.6146","0.6146"
"51824","3658","3658","3658","0.6097","0.6097","0.6097"
"51903","3664","3664","3664","0.6103","0.6103","0.6103"
"51982","3669","3669","3669","0.611","0.611","0.611"
"52061","3675","3675","3675","0.6144","0.6144","0.6144"
"52140","3680","3680","3680","0.6088","0.6088","0.6088"
"52219","3686","3686","3686","0.6131","0.6131","0.6131"
"52298","3691","3691","3691","0.6088","0.6088","0.6088"
"52377","3697","3697","3697","0.6094","0.6094","0.6094"
"52456","3703","3703","3703","0.61","0.61","0.61"
"52535","3708","3708","3708","0.6113","0.6113","0.6113"
"52614","3714","3714","3714","0.6082","0.6082","0.6082"
"52693","3719","3719","3719","0.6095","0.6095","0.6095"
"52772","3725","3725","3725","0.6122","0.6122","0.6122"
"52851","3731","3731","3731","0.6109","0.6109","0.6109"
"52930","3736","3736","3736","0.6109","0.6109","0.6109"
"53009","3742","3742","3742","0.6098","0.6098","0.6098"
"53088","3747","3747","3747","0.6119","0.6119","0.6119"
"53167","3753","3753","3753","0.6107","0.6107","0.6107"
"53246","3758","3758","3758","0.6127","0.6127","0.6127"
"53325","3764","3764","3764","0.6104","0.6104","0.6104"
"53404","3770","3770","3770","0.6115","0.6115","0.6115"
"53483","3775","3775","3775","0.6143","0.6143","0.6143"
"53562","3781","3781","3781","0.611","0.611","0.611"
"53641","3786","3786","3786","0.6109","0.6109","0.6109"
"53720","3792","3792","3792","0.6129","0.6129","0.6129"
"53799","3797","3797","3797","0.6159","0.6159","0.6159"
"53878","3803","3803","3803","0.612","0.612","0.612"
"53957","3809","3809","3809","0.6106","0.6106","0.6106"
"54036","3814","3814","3814","0.6131","0.6131","0.6131"
"54115","3820","3820","3820","0.618","0.618","0.618"
"54194","3825","3825","3825","0.6149","0.6149","0.6149"
"54273","3831","3831","3831","0.6107","0.6107","0.6107"
"54352","3837","3837","3837","0.6111","0.6111","0.6111"
"54431","3842","3842","3842","0.6106","0.6106","0.6106"
"54510","3848","3848","3848","0.6163","0.6163","0.6163"
"54589","3853","3853","3853","0.6124","0.6124","0.6124"
"54668","3859","3859","3859","0.6134","0.6134","0.6134"
"54747","3864","3864","3864","0.6067","0.6067","0.6067"
"54826","3870","3870","3870","0.6106","0.6106","0.6106"
"54905","3876","3876","3876","0.6085","0.6085","0.6085"
"54984","3881","3881","3881","0.6101","0.6101","0.6101"
"55063","3887","3887","3887","0.6148","0.6148","0.6148"
"55142","3892","3892","3892","0.6156","0.6156","0.6156"
"55221","3898","3898","3898","0.6132","0.6132","0.6132"
"55300","3904","3904","3904","0.6111","0.6111","0.6111"
"55379","3909","3909","3909","0.6144","0.6144","0.6144"
"55458","3915","3915","3915","0.6137","0.6137","0.6137"
"55537","3920","3920","3920","0.6155","0.6155","0.6155"
"55616","3926","3926","3926","0.6131","0.6131","0.6131"
"55695","3931","3931","3931","0.6153","0.6153","0.6153"
"55774","3937","3937","3937","0.6095","0.6095","0.6095"
"55853","3943","3943","3943","0.6101","0.6101","0.6101"
"55932","3948","3948","3948","0.6148","0.6148","0.6148"
"56011","3954","3954","3954","0.6145","0.6145","0.6145"
"56090","3959","3959","3959","0.6189","0.6189","0.6189"
"56169","3965","3965","3965","0.6168","0.6168","0.6168"
"56248","3970","3970","3970","0.6114","0.6114","0.6114"
"56327","3976","3976","3976","0.609","0.609","0.609"
"56406","3982","3982","3982","0.6165","0.6165","0.6165"
"56485","3987","3987","3987","0.6106","0.6106","0.6106"
"56564","3993","3993","3993","0.6159","0.6159","0.6159"
"56643","3998","3998","3998","0.6107","0.6107","0.6107"
"56722","4004","4004","4004","0.6149","0.6149","0.6149"
"56801","4010","4010","4010","0.6137","0.6137","0.6137"
"56880","4015","4015","4015","0.6139","0.6139","0.6139"
"56959","4021","4021","4021","0.6118","0.6118","0.6118"
"57038","4026","4026","4026","0.613","0.613","0.613"
"57117","4032","4032","4032","0.6118","0.6118","0.6118"
"57196","4037","4037","4037","0.6128","0.6128","0.6128"
"57275","4043","4043","4043","0.6117","0.6117","0.6117"
"57354","4049","4049","4049","0.6124","0.6124","0.6124"
"57433","4054","4054","4054","0.6084","0.6084","0.6084"
"57512","4060","4060","4060","0.6193","0.6193","0.6193"
"57591","4065","4065","4065","0.6092","0.6092","0.6092"
"57670","4071","4071","4071","0.6116","0.6116","0.6116"
"57749","4076","4076","4076","0.6172","0.6172","0.6172"
"57828","4082","4082","4082","0.6154","0.6154","0.6154"
"57907","4088","4088","4088","0.6097","0.6097","0.6097"
"57986","4093","4093","4093","0.6117","0.6117","0.6117"
"58065","4099","4099","4099","0.6127","0.6127","0.6127"
"58144","4104","4104","4104","0.614","0.614","0.614"
"58223","4110","4110","4110","0.6128","0.6128","0.6128"
"58302","4116","4116","4116","0.612","0.612","0.612"
"58381","4121","4121","4121","0.6139","0.6139","0.6139"
"58460","4127","4127","4127","0.6152","0.6152","0.6152"
"58539","4132","4132","4132","0.6172","0.6172","0.6172"
"58618","4138","4138","4138","0.615","0.615","0.615"
"58697","4143","4143","4143","0.6127","0.6127","0.6127"
"58776","4149","4149","4149","0.6127","0.6127","0.6127"
"58855","4155","4155","4155","0.6184","0.6184","0.6184"
"58934","4160","4160","4160","0.6096","0.6096","0.6096"
"59013","4166","4166","4166","0.6106","0.6106","0.6106"
"59092","4171","4171","4171","0.6134","0.6134","0.6134"
"59171","4177","4177","4177","0.6129","0.6129","0.6129"
"59250","4183","4183","4183","0.614","0.614","0.614"
"59329","4188","4188","4188","0.6089","0.6089","0.6089"
"59408","4194","4194","4194","0.614","0.614","0.614"
"59487","4199","4199","4199","0.6126","0.6126","0.6126"
"59566","4205","4205","4205","0.615","0.615","0.615"
"59645","4210","4210","4210","0.6159","0.6159","0.6159"
"59724","4216","4216","4216","0.6158","0.6158","0.6158"
"59803","4222","4222","4222","0.6135","0.6135","0.6135"
"59882","4227","4227","4227","0.6122","0.6122","0.6122"
"59961","4233","4233","4233","0.6148","0.6148","0.6148"
"60040","4238","4238","4238","0.6117","0.6117","0.6117"
"60119","4244","4244","4244","0.612","0.612","0.612"
"60198","4249","4249","4249","0.6146","0.6146","0.6146"
"60277","4255","4255","4255","0.6095","0.6095","0.6095"
"60356","4261","4261","4261","0.6123","0.6123","0.6123"
"60435","4266","4266","4266","0.6073","0.6073","0.6073"
"60514","4272","4272","4272","0.6132","0.6132","0.6132"
"60593","4277","4277","4277","0.613","0.613","0.613"
"60672","4283","4283","4283","0.6095","0.6095","0.6095"
"60751","4289","4289","4289","0.615","0.615","0.615"
"60830","4294","4294","4294","0.6177","0.6177","0.6177"
"60909","4300","4300","4300","0.611","0.611","0.611"
"60988","4305","4305","4305","0.6096","0.6096","0.6096"
"61067","4311","4311","4311","0.6103","0.6103","0.6103"
"61146","4316","4316","4316","0.6131","0.6131","0.6131"
"61225","4322","4322","4322","0.6136","0.6136","0.6136"
"61304","4328","4328","4328","0.6112","0.6112","0.6112"
"61383","4333","4333","4333","0.6169","0.6169","0.6169"
"61462","4339","4339","4339","0.6105","0.6105","0.6105"
"61541","4344","4344","4344","0.6078","0.6078","0.6078"
"61620","4350","4350","4350","0.61","0.61","0.61"
"61699","4355","4355","4355","0.6136","0.6136","0.6136"
"61778","4361","4361","4361","0.6172","0.6172","0.6172"
"61857","4367","4367","4367","0.6121","0.6121","0.6121"
"61936","4372","4372","4372","0.6124","0.6124","0.6124"
"62015","4378","4378","4378","0.6157","0.6157","0.6157"
"62094","4383","4383","4383","0.6137","0.6137","0.6137"
"62173","4389","4389","4389","0.6114","0.6114","0.6114"
"62252","4395","4395","4395","0.6155","0.6155","0.6155"
"62331","4400","4400","4400","0.6097","0.6097","0.6097"
"62410","4406","4406","4406","0.6119","0.6119","0.6119"
"62489","4411","4411","4411","0.6134","0.6134","0.6134"
"62568","4417","4417","4417","0.6121","0.6121","0.6121"
"62647","4422","4422","4422","0.6138","0.6138","0.6138"
"62726","4428","4428","4428","0.6134","0.6134","0.6134"
"62805","4434","4434","4434","0.615","0.615","0.615"
"62884","4439","4439","4439","0.6124","0.6124","0.6124"
"62963","4445","4445","4445","0.6114","0.6114","0.6114"
"63042","4450","4450","4450","0.6107","0.6107","0.6107"
"63121","4456","4456","4456","0.612","0.612","0.612"
"63200","4462","4462","4462","0.6101","0.6101","0.6101"